,,,,,Daily Boat Cost,,,,,,,,,,,,,,,,,,,,,,,,,,,,,,,,,,,,,,,,,,,,,,,,,,,,Daily Boat Cost,,,,,,,,,,,,,,,,,,,,,,,,,,,,,,,,,,,,,,,,,,,,,,,,,,,,,,,,,,,,,,,,,,,,,,,,,,,,,,,,,,,,,,,,,,,,,,,,,,,,,,,,,,,,,,,,,,,,,,,,,,,,,,,,,,,,,,,,,,,,,,,,,,,,,,,,,,,,,,,,,,,,,,,Daily Boat Cost,,,,,,,,,,,,,,,,,,,,,,
,, , , , ,,,,,,,,,,,,,,,,,,,,,,,,,,,,,,,,,,,,,,,,,,,,,,,,,,, , , ,,,,,,,,,,,,,,,Mob / Demob Cost:,,,,,,,,,,,,,,,,,,,,,,,,,,,,,,,,,,,,,,,,,,,,,,,,,,,,,,,,,,,,,,,,,,,,,,,,,,,,,,,,,,,,,,,,,,,,,,,,,,,,,,,,,,,,,,,,,,,,,,,,,,,,,,,,,,,,,,,,,,,,,,,,,,,,,, , , ,,,,,,,,,,,,,,,Mob / Demob Cost:,,,,,,
 Month:,,25 Nov - 24 Dec 2025,,,,,,,,,,,,,,,,,,,,,,,,,,,,,,25 Nov - 24 Dec 2025,,,,,,,,,,,,,,,,,,,,,,25 Nov - 24 Dec 2025,,,,,,,,,,,,,,,,,,,Charter Rate per Day:,25500000,,,,,,,,,,,,,,,,,,,,,,,,,,,,,,,,,,,,,,,,,,,,,,,,,,,,,,,,,,,,,,,,,,,,,,,,,,,,,,,,,,,,,,,,,,,,,,,,,,,,,,,,,,,,,,,,,,,,,,,,,,,,,,,,,,,,,,,,,,,,,,,,,,,25 Nov - 24 Dec 2025,,,,,,,,,,,,,,,,,,,Charter Rate per Day:,25500000,,,,,
 Boat Name:,,CB MANDAR (2nd call out CB GELATIK),,,,,,,,,,,,,,,,,,,,,,,,,,,,,,CB MANDAR (2nd call out CB GELATIK),,,,,,,,,,,,,,,,,,,,,,CB MANDAR (2nd call out CB GELATIK),,,,,,,,,,,,,,,,,,,,,,,,,,,,,,,,,,,,,,,,,,,,,,,,,,,,,,,,,,,,,,,,,,,,,Charter Period,,,,,,,,,,,,,,,,,,,,,,,,,,,,,,,,,,,,,,,,,,,,,,,,,,,,,,,,,,,,,,,,,,,,,,,,,,,,,,,,,,,,,,,,,,,,,,,,,,CB MANDAR (2nd call out CB GELATIK),,,,,,,,,,,,,,,,,,,,,,,,,
 Boat Owner:,,PT. MARINA LOGISTIK SEJAHTERA,,,,,,,,,,,,,,,,,,,,,,,,,,,,,,PT. MARINA LOGISTIK SEJAHTERA,,,,,,,,,,,,,,,,,,,,,,PT. MARINA LOGISTIK SEJAHTERA,,,,,,,,,,,,,,,,,,,,,,,,,,,,,,,,,,,,,,,,,,,,,,,,,,,,,,,,,,,,,,,,,,,,,730,,WORKING DISTANCE,,,,,,,,,,,,,,,,,,,,,,,,NUMBER OF ACTIVE RIGS,,,,,,,,,,,,,,,,,,,,,,,,BOAT HOURS,,,,,,,,,,,,,,,,,,,,,,,,ACTIVE HOURS,,,,,,,,,,,,,,,,,,,,,,,,PT. MARINA LOGISTIK SEJAHTERA,,,,,,,,,,,,,,,,,,,,,,,,,
DATE,DAY,STANDBY TIME,"LOAD/
DISCH.
IN PORT","STEAMING
TIME","TIME AT RIG
RUN EXPLOSIVE","TIME AT RIG
ASSET","TIME AT RIG
'TIRTA RAJAWALI","TIME AT RIG
S: SLICKLINE UNIT","TIME AT RIG
N: SLICKLINE (1)","TIME AT RIG
LAIN-LAIN","TIME AT RIG
SOIL BORING","TIME AT RIG
N: SLICKLINE
(2)","TIME AT RIG
DEBRIS SURVEY","TIME AT RIG
STORK
(WLI)","TIME AT RIG
-","TIME AT RIG
-","TIME AT RIG
-","TIME AT
SOUTH
OSF","TIME AT
NORTH
OSF","TIME AT PF
-","TIME AT PF
P_NORTH
ATTAKA","TIME AT PF
P_NORTH
NIB","TIME AT PF
P_NORTH
SANTAN
TERMINAL","TIME AT PF
P_NORTH
SECURITY PATROL","TIME AT PF
P_SOUTH","TIME AT PF
P_SOUTH SECURITY PATROL","DOWN
TIME","TOTAL
HOURS
PER DAY","24-HR FUEL
CONSUMED
LITERS","TOTAL
DAILY
FUEL COST","TOTAL
DAILY
COST","DAILY
FUEL
RUN EXPLOSIVE","DAILY
FUEL
ASSET","DAILY
FUEL
'TIRTA RAJAWALI","DAILY
FUEL 
S: SLICKLINE UNIT","DAILY
FUEL
N: SLICKLINE (1)","DAILY
FUEL
LAIN-LAIN","DAILY
FUEL
SOIL BORING","DAILY
FUEL
N: SLICKLINE
(2)","DAILY
FUEL
DEBRIS SURVEY","DAILY
FUEL
STORK
(WLI)","DAILY
FUEL
-","DAILY
FUEL
-","DAILY
FUEL
-","DAILY FUEL
SOUTH
OSF","DAILY FUEL
NORTH
OSF","DAILY FUEL  
-","DAILY FUEL 
P_NORTH
ATTAKA","DAILY FUEL
P_NORTH
NIB","DAILY FUEL
P_NORTH
SANTAN
TERMINAL","DAILY FUEL
P_NORTH
SECURITY PATROL","DAILY FUEL
P_SOUTH","DAILY FUEL
P_SOUTH SECURITY PATROL","DAILY
HIRE RATE
RUN EXPLOSIVE","DAILY
HIRE RATE
ASSET","DAILY
HIRE RATE
'TIRTA RAJAWALI","DAILY
HIRE RATE
S: SLICKLINE UNIT","DAILY
HIRE RATE
N: SLICKLINE (1)","DAILY
HIRE RATE
LAIN-LAIN","DAILY
HIRE RATE
SOIL BORING","DAILY
HIRE RATE
N: SLICKLINE
(2)","DAILY
HIRE RATE
DEBRIS SURVEY","DAILY
HIRE RATE
STORK
(WLI)","DAILY
HIRE RATE
-","DAILY
HIRE RATE
-","DAILY
HIRE RATE
-","DAILY HIRE RATE
SOUTH
OSF","DAILY HIRE RATE
NORTH
OSF","DAILY HIRE RATE
-","DAILY HIRE RATE 
P_NORTH
ATTAKA","DAILY HIRE RATE
P_NORTH
NIB","DAILY HIRE RATE
P_NORTH
SANTAN
TERMINAL","DAILY HIRE RATE
P_NORTH
SECURITY PATROL","DAILY HIRE RATE
P_SOUTH","DAILY HIRE RATE
P_SOUTH SECURITY PATROL","MOB/
DEMOB
RUN EXPLOSIVE","MOB/
DEMOB
ASSET","MOB/
DEMOB
'TIRTA RAJAWALI","MOB/
DEMOB
S: SLICKLINE UNIT","MOB/
DEMOB
N: SLICKLINE (1)","MOB/
DEMOB
LAIN-LAIN","MOB/
DEMOB
SOIL BORING","MOB/
DEMOB
N: SLICKLINE
(2)","MOB/
DEMOB
DEBRIS SURVEY","MOB/
DEMOB
STORK
(WLI)","MOB/
DEMOB
-","MOB/
DEMOB
-","MOB/
DEMOB
-","MOB/DEMOB
SOUTH
OSF","MOB/DEMOB
NORTH
OSF","MOB/DEMOB 
-","MOB/DEMOB 
P_NORTH
ATTAKA","MOB/DEMOB
P_NORTH
NIB","MOB/DEMOB
P_NORTH
SANTAN
TERMINAL","MOB/DEMOB
P_NORTH
SECURITY PATROL","MOB/DEMOB
P_SOUTH","MOB/DEMOB
P_SOUTH SECURITY PATROL","TOTAL
DAILY COST
RUN EXPLOSIVE","TOTAL
DAILY COST
ASSET","TOTAL
DAILY COST
'TIRTA RAJAWALI","TOTAL
DAILY COST
S: SLICKLINE UNIT","TOTAL
DAILY COST
N:
SLICKLINE (1)","TOTAL
DAILY COST
LAIN-LAIN","TOTAL
DAILY COST
SOIL BORING","TOTAL
DAILY COST
N: SLICKLINE
(2)","TOTAL
DAILY COST
DEBRIS SURVEY","TOTAL
DAILY COST
STORK
(WLI)","TOTAL
DAILY COST
-","TOTAL
DAILY COST
-","TOTAL
DAILY COST
-","TOTAL
DAILY COST
SOUTH
OSF","TOTAL
DAILY COST
NORTH
OSF","TOTAL
DAILY COST 
-","TOTAL
DAILY COST 
P_NORTH
ATTAKA","TOTAL
DAILY COST
P_NORTH
NIB","TOTAL
DAILY COST
P_NORTH
SANTAN
TERMINAL","TOTAL
DAILY COST
P_NORTH
SECURITY PATROL","TOTAL
DAILY COST
P_SOUTH","TOTAL
DAILY COST
P_SOUTH SECURITY PATROL",,Daily Rate,Fuel Price,Prorated Mob/Demob,Number of Active Rig,RUN EXPLOSIVE,ASSET,TIRTA RAJAWALI,S: SLICKLINE UNIT,N: SLICKLINE (1),LAIN-LAIN,SOIL BORING,"N: SLICKLINE
(2)",DEBRIS SURVEY,"STORK
(WLI)",-,-,-,"SOUTH
OSF","NORTH
OSF",-," P_NORTH
ATTAKA","P_NORTH
NIB","P_NORTH
SANTAN
TERMINAL","P_NORTH
SECURITY PATROL",P_SOUTH,P_SOUTH SECURITY PATROL,"Total
Distance",,RUN EXPLOSIVE,ASSET,TIRTA RAJAWALI,S: SLICKLINE UNIT,N: SLICKLINE (1),LAIN-LAIN,SOIL BORING,"N: SLICKLINE
(2)",DEBRIS SURVEY,"STORK
(WLI)",-,-,-,"SOUTH
OSF","NORTH
OSF",-," P_NORTH
ATTAKA","P_NORTH
NIB","P_NORTH
SANTAN
TERMINAL","P_NORTH
SECURITY PATROL",P_SOUTH,P_SOUTH SECURITY PATROL,Total Rigs,,RUN EXPLOSIVE,ASSET,TIRTA RAJAWALI,S: SLICKLINE UNIT,N: SLICKLINE (1),LAIN-LAIN,SOIL BORING,"N: SLICKLINE
(2)",DEBRIS SURVEY,"STORK
(WLI)",-,-,-,"SOUTH
OSF","NORTH
OSF",-," P_NORTH
ATTAKA","P_NORTH
NIB","P_NORTH
SANTAN
TERMINAL","P_NORTH
SECURITY PATROL",P_SOUTH,P_SOUTH SECURITY PATROL,"Total
Hours",,RUN EXPLOSIVE,ASSET,TIRTA RAJAWALI,S: SLICKLINE UNIT,N: SLICKLINE (1),LAIN-LAIN,SOIL BORING,"N: SLICKLINE
(2)",DEBRIS SURVEY,"STORK
(WLI)",-,-,-,"SOUTH
OSF","NORTH
OSF",-," P_NORTH
ATTAKA","P_NORTH
NIB","P_NORTH
SANTAN
TERMINAL","P_NORTH
SECURITY PATROL",P_SOUTH,P_SOUTH SECURITY PATROL,"Active
Hrs/Day",,"DAILY
HIRE RATE
RUN EXPLOSIVE","DAILY
HIRE RATE
ASSET","DAILY
HIRE RATE
'TIRTA RAJAWALI","DAILY
HIRE RATE
S: SLICKLINE UNIT","DAILY
HIRE RATE
N: SLICKLINE (1)","DAILY
HIRE RATE
LAIN-LAIN","DAILY
HIRE RATE
SOIL BORING","DAILY
HIRE RATE
N: SLICKLINE
(2)","DAILY
HIRE RATE
DEBRIS SURVEY","DAILY
HIRE RATE
STORK
(WLI)","DAILY
HIRE RATE
-","DAILY
HIRE RATE
-","DAILY
HIRE RATE
-","DAILY HIRE RATE
SOUTH
OSF","DAILY HIRE RATE
NORTH
OSF","DAILY HIRE RATE
-","DAILY HIRE RATE 
P_NORTH
ATTAKA","DAILY HIRE RATE
P_NORTH
NIB","DAILY HIRE RATE
P_NORTH
SANTAN
TERMINAL","DAILY HIRE RATE
P_NORTH
SECURITY PATROL","DAILY HIRE RATE
P_SOUTH","DAILY HIRE RATE
P_SOUTH SECURITY PATROL",,Daily Rate,Exchange Rate USD to IDR,Pertamina Fuel Price
2025-11-25 00:00:00,1,,,,,,,12,,,,,,,,,,,,,,,,,12,,0,24,1596,1649.2034039285943,3280.785718855973,0,0,0,824.601701964297,0,0,0,0,0,0,0,0,0,0,0,0,0,0,0,0,824.601701964297,0,0,0,0,815.7911574636893,0,0,0,0,0,0,0,0,0,0,0,0,0,0,0,0,815.7911574636893,0,0,0,0,0,0,0,0,0,0,0,0,0,0,0,0,0,0,0,0,0,0,0,0,0,0,1640.3928594279864,0,0,0,0,0,0,0,0,0,0,0,0,0,0,0,0,1640.3928594279864,0,,1631.5823149273785,1.033335466120673,0,2,0,0,0,14,0,0,0,0,0,0,0,0,0,0,0,0,0,0,0,0,14,0,28,,0,0,0,0,0,0,0,0,0,0,0,0,0,0,0,0,0,0,0,0,0,0,0,,0,0,0,12,0,0,0,0,0,0,0,0,0,0,0,0,0,0,0,0,12,0,24,,0,0,0,12,0,0,0,0,0,0,0,0,0,0,0,0,0,0,0,0,12,0,24,,0,0,0,12750000,0,0,0,0,0,0,0,0,0,0,0,0,0,0,0,0,12750000,0,,25500000,15629,16150
2025-11-26 00:00:00,1,,,,,,,8,,,,,,,,,,,,,,,,,16,,0,24,1561,1613.0366626143707,3244.6189775417497,0,0,0,537.6788875381236,0,0,0,0,0,0,0,0,0,0,0,0,0,0,0,0,1075.3577750762472,0,0,0,0,543.8607716424596,0,0,0,0,0,0,0,0,0,0,0,0,0,0,0,0,1087.721543284919,0,0,0,0,0,0,0,0,0,0,0,0,0,0,0,0,0,0,0,0,0,0,0,0,0,0,1081.5396591805832,0,0,0,0,0,0,0,0,0,0,0,0,0,0,0,0,2163.0793183611663,0,,1631.5823149273785,1.033335466120673,0,2,0,0,0,14,0,0,0,0,0,0,0,0,0,0,0,0,0,0,0,0,14,0,28,,0,0,0,0,0,0,0,0,0,0,0,0,0,0,0,0,0,0,0,0,0,0,0,,0,0,0,8,0,0,0,0,0,0,0,0,0,0,0,0,0,0,0,0,16,0,24,,0,0,0,8,0,0,0,0,0,0,0,0,0,0,0,0,0,0,0,0,16,0,24,,0,0,0,8500000,0,0,0,0,0,0,0,0,0,0,0,0,0,0,0,0,17000000,0,,25500000,15629,16150
2025-11-27 00:00:00,1,,,,,,,8,,,,,,,,,,,,,,,,,16,,0,24,1372,1417.7362595175634,3049.318574444942,0,0,0,472.57875317252115,0,0,0,0,0,0,0,0,0,0,0,0,0,0,0,0,945.1575063450423,0,0,0,0,543.8607716424596,0,0,0,0,0,0,0,0,0,0,0,0,0,0,0,0,1087.721543284919,0,0,0,0,0,0,0,0,0,0,0,0,0,0,0,0,0,0,0,0,0,0,0,0,0,0,1016.4395248149807,0,0,0,0,0,0,0,0,0,0,0,0,0,0,0,0,2032.8790496299614,0,,1631.5823149273785,1.033335466120673,0,2,0,0,0,14,0,0,0,0,0,0,0,0,0,0,0,0,0,0,0,0,14,0,28,,0,0,0,0,0,0,0,0,0,0,0,0,0,0,0,0,0,0,0,0,0,0,0,,0,0,0,8,0,0,0,0,0,0,0,0,0,0,0,0,0,0,0,0,16,0,24,,0,0,0,8,0,0,0,0,0,0,0,0,0,0,0,0,0,0,0,0,16,0,24,,0,0,0,8500000,0,0,0,0,0,0,0,0,0,0,0,0,0,0,0,0,17000000,0,,25500000,15629,16150
2025-11-28 00:00:00,1,,,,,,,4,,,,,,,,,,,,,,,,,20,,0,24,1498,1538.095238095238,3159.304469451332,0,0,0,256.3492063492063,0,0,0,0,0,0,0,0,0,0,0,0,0,0,0,0,1281.7460317460316,0,0,0,0,270.201538559349,0,0,0,0,0,0,0,0,0,0,0,0,0,0,0,0,1351.0076927967448,0,0,0,0,0,0,0,0,0,0,0,0,0,0,0,0,0,0,0,0,0,0,0,0,0,0,526.5507449085553,0,0,0,0,0,0,0,0,0,0,0,0,0,0,0,0,2632.7537245427766,0,,1621.2092313560938,1.026765846525526,0,2,0,0,0,14,0,0,0,0,0,0,0,0,0,0,0,0,0,0,0,0,14,0,28,,0,0,0,0,0,0,0,0,0,0,0,0,0,0,0,0,0,0,0,0,0,0,0,,0,0,0,4,0,0,0,0,0,0,0,0,0,0,0,0,0,0,0,0,20,0,24,,0,0,0,4,0,0,0,0,0,0,0,0,0,0,0,0,0,0,0,0,20,0,24,,0,0,0,4250000,0,0,0,0,0,0,0,0,0,0,0,0,0,0,0,0,21250000,0,,25500000,15729,16150
2025-11-29 00:00:00,1,,,,,,,8,,,,,,,,,,,,,,,,,16,,0,24,1271,1302.4524111675125,2920.4727157360403,0,0,0,434.15080372250424,0,0,0,0,0,0,0,0,0,0,0,0,0,0,0,0,868.3016074450085,0,0,0,0,539.3401015228427,0,0,0,0,0,0,0,0,0,0,0,0,0,0,0,0,1078.6802030456854,0,0,0,0,0,0,0,0,0,0,0,0,0,0,0,0,0,0,0,0,0,0,0,0,0,0,973.490905245347,0,0,0,0,0,0,0,0,0,0,0,0,0,0,0,0,1946.981810490694,0,,1618.020304568528,1.024746192893401,0,2,0,0,0,14,0,0,0,0,0,0,0,0,0,0,0,0,0,0,0,0,14,0,28,,0,0,0,0,0,0,0,0,0,0,0,0,0,0,0,0,0,0,0,0,0,0,0,,0,0,0,8,0,0,0,0,0,0,0,0,0,0,0,0,0,0,0,0,16,0,24,,0,0,0,8,0,0,0,0,0,0,0,0,0,0,0,0,0,0,0,0,16,0,24,,0,0,0,8500000,0,0,0,0,0,0,0,0,0,0,0,0,0,0,0,0,17000000,0,,25500000,15760,16150
2025-11-30 00:00:00,1,,,,,,,8,,,,,,,,,,,,,,,,,16,,0,24,1761,1807.7898550724635,3428.689931350114,0,0,0,602.5966183574878,0,0,0,0,0,0,0,0,0,0,0,0,0,0,0,0,1205.1932367149757,0,0,0,0,540.3000254258835,0,0,0,0,0,0,0,0,0,0,0,0,0,0,0,0,1080.600050851767,0,0,0,0,0,0,0,0,0,0,0,0,0,0,0,0,0,0,0,0,0,0,0,0,0,0,1142.8966437833715,0,0,0,0,0,0,0,0,0,0,0,0,0,0,0,0,2285.793287566743,0,,1620.9000762776507,1.0265700483091786,0,2,0,0,0,14,0,0,0,0,0,0,0,0,0,0,0,0,0,0,0,0,14,0,28,,0,0,0,0,0,0,0,0,0,0,0,0,0,0,0,0,0,0,0,0,0,0,0,,0,0,0,8,0,0,0,0,0,0,0,0,0,0,0,0,0,0,0,0,16,0,24,,0,0,0,8,0,0,0,0,0,0,0,0,0,0,0,0,0,0,0,0,16,0,24,,0,0,0,8500000,0,0,0,0,0,0,0,0,0,0,0,0,0,0,0,0,17000000,0,,25500000,15732,16150
2025-12-01 00:00:00,1,,,,,,,8,,,,,,,,,,,,,,,,,16,,0,24,1354,1392.3654886978668,3016.052212671124,0,0,0,464.1218295659556,0,0,0,0,0,0,0,0,0,0,0,0,0,0,0,0,928.2436591319112,0,0,0,0,541.2289079910856,0,0,0,0,0,0,0,0,0,0,0,0,0,0,0,0,1082.4578159821713,0,0,0,0,0,0,0,0,0,0,0,0,0,0,0,0,0,0,0,0,0,0,0,0,0,0,1005.3507375570412,0,0,0,0,0,0,0,0,0,0,0,0,0,0,0,0,2010.7014751140823,0,,1623.686723973257,1.0283349251830627,0,2,0,0,0,14,0,0,0,0,0,0,0,0,0,0,0,0,0,0,0,0,14,0,28,,0,0,0,0,0,0,0,0,0,0,0,0,0,0,0,0,0,0,0,0,0,0,0,,0,0,0,8,0,0,0,0,0,0,0,0,0,0,0,0,0,0,0,0,16,0,24,,0,0,0,8,0,0,0,0,0,0,0,0,0,0,0,0,0,0,0,0,16,0,24,,0,0,0,8500000,0,0,0,0,0,0,0,0,0,0,0,0,0,0,0,0,17000000,0,,25500000,15705,16150
2025-12-02 00:00:00,1,,,,,,,8,,,,,,,,,,,,,,,,,16,,0,24,1530,1571.5512306811677,3193.379126120969,0,0,0,523.8504102270559,0,0,0,0,0,0,0,0,0,0,0,0,0,0,0,0,1047.7008204541119,0,0,0,0,540.6092984799338,0,0,0,0,0,0,0,0,0,0,0,0,0,0,0,0,1081.2185969598677,0,0,0,0,0,0,0,0,0,0,0,0,0,0,0,0,0,0,0,0,0,0,0,0,0,0,1064.4597087069897,0,0,0,0,0,0,0,0,0,0,0,0,0,0,0,0,2128.9194174139793,0,,1621.8278954398015,1.0271576671118743,0,2,0,0,0,14,0,0,0,0,0,0,0,0,0,0,0,0,0,0,0,0,14,0,28,,0,0,0,0,0,0,0,0,0,0,0,0,0,0,0,0,0,0,0,0,0,0,0,,0,0,0,8,0,0,0,0,0,0,0,0,0,0,0,0,0,0,0,0,16,0,24,,0,0,0,8,0,0,0,0,0,0,0,0,0,0,0,0,0,0,0,0,16,0,24,,0,0,0,8500000,0,0,0,0,0,0,0,0,0,0,0,0,0,0,0,0,17000000,0,,25500000,15723,16150
2025-12-03 00:00:00,1,,,,,,,8,,,,,,,,,,,,,,,,,16,,0,24,1273,1307.571710233416,2929.3996056732176,0,0,0,435.85723674447195,0,0,0,0,0,0,0,0,0,0,0,0,0,0,0,0,871.7144734889439,0,0,0,0,540.6092984799338,0,0,0,0,0,0,0,0,0,0,0,0,0,0,0,0,1081.2185969598677,0,0,0,0,0,0,0,0,0,0,0,0,0,0,0,0,0,0,0,0,0,0,0,0,0,0,976.4665352244058,0,0,0,0,0,0,0,0,0,0,0,0,0,0,0,0,1952.9330704488116,0,,1621.8278954398015,1.0271576671118743,0,2,0,0,0,14,0,0,0,0,0,0,0,0,0,0,0,0,0,0,0,0,14,0,28,,0,0,0,0,0,0,0,0,0,0,0,0,0,0,0,0,0,0,0,0,0,0,0,,0,0,0,8,0,0,0,0,0,0,0,0,0,0,0,0,0,0,0,0,16,0,24,,0,0,0,8,0,0,0,0,0,0,0,0,0,0,0,0,0,0,0,0,16,0,24,,0,0,0,8500000,0,0,0,0,0,0,0,0,0,0,0,0,0,0,0,0,17000000,0,,25500000,15723,16150
2025-12-04 00:00:00,1,,,,,,,6,,,,,,,,,,,,,,,,,18,,0,24,2172,2230.986452966991,3852.8143484067923,0,0,0,557.7466132417477,0,0,0,0,0,0,0,0,0,0,0,0,0,0,0,0,1673.2398397252432,0,0,0,0,405.45697385995044,0,0,0,0,0,0,0,0,0,0,0,0,0,0,0,0,1216.370921579851,0,0,0,0,0,0,0,0,0,0,0,0,0,0,0,0,0,0,0,0,0,0,0,0,0,0,963.2035871016981,0,0,0,0,0,0,0,0,0,0,0,0,0,0,0,0,2889.6107613050945,0,,1621.8278954398015,1.0271576671118743,0,2,0,0,0,14,0,0,0,0,0,0,0,0,0,0,0,0,0,0,0,0,14,0,28,,0,0,0,0,0,0,0,0,0,0,0,0,0,0,0,0,0,0,0,0,0,0,0,,0,0,0,6,0,0,0,0,0,0,0,0,0,0,0,0,0,0,0,0,18,0,24,,0,0,0,6,0,0,0,0,0,0,0,0,0,0,0,0,0,0,0,0,18,0,24,,0,0,0,6375000,0,0,0,0,0,0,0,0,0,0,0,0,0,0,0,0,19125000,0,,25500000,15723,16150
2025-12-05 00:00:00,1,,,,,,,4,,,,,,,,,,,,,,,,,20,,0,24,1388,1423.1604342581425,3042.105263157895,0,0,0,237.1934057096904,0,0,0,0,0,0,0,0,0,0,0,0,0,0,0,0,1185.9670285484522,0,0,0,0,269.82413814995874,0,0,0,0,0,0,0,0,0,0,0,0,0,0,0,0,1349.1206907497935,0,0,0,0,0,0,0,0,0,0,0,0,0,0,0,0,0,0,0,0,0,0,0,0,0,0,507.01754385964915,0,0,0,0,0,0,0,0,0,0,0,0,0,0,0,0,2535.0877192982457,0,,1618.9448288997523,1.0253317249698433,0,2,0,0,0,14,0,0,0,0,0,0,0,0,0,0,0,0,0,0,0,0,14,0,28,,0,0,0,0,0,0,0,0,0,0,0,0,0,0,0,0,0,0,0,0,0,0,0,,0,0,0,4,0,0,0,0,0,0,0,0,0,0,0,0,0,0,0,0,20,0,24,,0,0,0,4,0,0,0,0,0,0,0,0,0,0,0,0,0,0,0,0,20,0,24,,0,0,0,4250000,0,0,0,0,0,0,0,0,0,0,0,0,0,0,0,0,21250000,0,,25500000,15751,16150
2025-12-06 00:00:00,1,,,,,,,8,,,,,,,,,,,,,,,,,16,,0,24,1598,1636.9212228846884,3254.32576430293,0,0,0,545.6404076282295,0,0,0,0,0,0,0,0,0,0,0,0,0,0,0,0,1091.280815256459,0,0,0,0,539.1348471394139,0,0,0,0,0,0,0,0,0,0,0,0,0,0,0,0,1078.2696942788277,0,0,0,0,0,0,0,0,0,0,0,0,0,0,0,0,0,0,0,0,0,0,0,0,0,0,1084.7752547676432,0,0,0,0,0,0,0,0,0,0,0,0,0,0,0,0,2169.5505095352864,0,,1617.4045414182417,1.0243562095648864,0,2,0,0,0,14,0,0,0,0,0,0,0,0,0,0,0,0,0,0,0,0,14,0,28,,0,0,0,0,0,0,0,0,0,0,0,0,0,0,0,0,0,0,0,0,0,0,0,,0,0,0,8,0,0,0,0,0,0,0,0,0,0,0,0,0,0,0,0,16,0,24,,0,0,0,8,0,0,0,0,0,0,0,0,0,0,0,0,0,0,0,0,16,0,24,,0,0,0,8500000,0,0,0,0,0,0,0,0,0,0,0,0,0,0,0,0,17000000,0,,25500000,15766,16150
2025-12-07 00:00:00,1,,,,,,,12,,,,,,,,,,,,,,,,,12,,0,24,1338,1364.185606060606,2974.034090909091,0,0,0,682.0928030303029,0,0,0,0,0,0,0,0,0,0,0,0,0,0,0,0,682.0928030303029,0,0,0,0,804.9242424242424,0,0,0,0,0,0,0,0,0,0,0,0,0,0,0,0,804.9242424242424,0,0,0,0,0,0,0,0,0,0,0,0,0,0,0,0,0,0,0,0,0,0,0,0,0,0,1487.0170454545453,0,0,0,0,0,0,0,0,0,0,0,0,0,0,0,0,1487.0170454545453,0,,1609.8484848484848,1.019570707070707,0,2,0,0,0,14,0,0,0,0,0,0,0,0,0,0,0,0,0,0,0,0,14,0,28,,0,0,0,0,0,0,0,0,0,0,0,0,0,0,0,0,0,0,0,0,0,0,0,,0,0,0,12,0,0,0,0,0,0,0,0,0,0,0,0,0,0,0,0,12,0,24,,0,0,0,12,0,0,0,0,0,0,0,0,0,0,0,0,0,0,0,0,12,0,24,,0,0,0,12750000,0,0,0,0,0,0,0,0,0,0,0,0,0,0,0,0,12750000,0,,25500000,15840,16150
2025-12-08 00:00:00,1,,,,,,4,4,,,,,,,,,,,,,,,,,16,,0,24,1984,2032.1938225407498,3649.4957823301834,0,0,338.6989704234583,338.6989704234583,0,0,0,0,0,0,0,0,0,0,0,0,0,0,0,0,1354.7958816938333,0,0,0,269.55032663157226,269.55032663157226,0,0,0,0,0,0,0,0,0,0,0,0,0,0,0,0,1078.201306526289,0,0,0,0,0,0,0,0,0,0,0,0,0,0,0,0,0,0,0,0,0,0,0,0,0,608.2492970550306,608.2492970550306,0,0,0,0,0,0,0,0,0,0,0,0,0,0,0,0,2432.9971882201226,0,,1617.3019597894336,1.0242912411999747,0,3,0,0,125,14,0,0,0,0,0,0,0,0,0,0,0,0,0,0,0,0,14,0,153,,0,0,0,0,0,0,0,0,0,0,0,0,0,0,0,0,0,0,0,0,0,0,0,,0,0,4,4,0,0,0,0,0,0,0,0,0,0,0,0,0,0,0,0,16,0,24,,0,0,4,4,0,0,0,0,0,0,0,0,0,0,0,0,0,0,0,0,16,0,24,,0,0,4250000,4250000,0,0,0,0,0,0,0,0,0,0,0,0,0,0,0,0,17000000,0,,25500000,15767,16150
2025-12-09 00:00:00,1,,,,,,,,,,,,,,,,,,,,,,,,24,,0,24,1442,1486.0761916916597,3113.2856869376556,0,0,0,0,0,0,0,0,0,0,0,0,0,0,0,0,0,0,0,0,1486.0761916916597,0,0,0,0,0,0,0,0,0,0,0,0,0,0,0,0,0,0,0,0,0,1627.2094952459959,0,0,0,0,0,0,0,0,0,0,0,0,0,0,0,0,0,0,0,0,0,0,0,0,0,0,0,0,0,0,0,0,0,0,0,0,0,0,0,0,0,0,0,3113.2856869376556,0,,1627.2094952459959,1.0305660136557973,0,1,0,0,0,0,0,0,0,0,0,0,0,0,0,0,0,0,0,0,0,0,14,0,14,,0,0,0,0,0,0,0,0,0,0,0,0,0,0,0,0,0,0,0,0,0,0,0,,0,0,0,0,0,0,0,0,0,0,0,0,0,0,0,0,0,0,0,0,24,0,24,,0,0,0,0,0,0,0,0,0,0,0,0,0,0,0,0,0,0,0,0,24,0,24,,0,0,0,0,0,0,0,0,0,0,0,0,0,0,0,0,0,0,0,0,25500000,0,,25500000,15671,16150
2025-12-10 00:00:00,1,,,,,,8,,,,,,,,,,,,,,,,,,16,,0,24,1498,1543.7878884563843,3170.99738370238,0,0,514.5959628187948,0,0,0,0,0,0,0,0,0,0,0,0,0,0,0,0,0,1029.1919256375895,0,0,0,542.4031650819986,0,0,0,0,0,0,0,0,0,0,0,0,0,0,0,0,0,1084.8063301639972,0,0,0,0,0,0,0,0,0,0,0,0,0,0,0,0,0,0,0,0,0,0,0,0,0,1056.9991279007934,0,0,0,0,0,0,0,0,0,0,0,0,0,0,0,0,0,2113.9982558015868,0,,1627.2094952459959,1.0305660136557973,0,2,0,0,125,0,0,0,0,0,0,0,0,0,0,0,0,0,0,0,0,0,14,0,139,,0,0,0,0,0,0,0,0,0,0,0,0,0,0,0,0,0,0,0,0,0,0,0,,0,0,8,0,0,0,0,0,0,0,0,0,0,0,0,0,0,0,0,0,16,0,24,,0,0,8,0,0,0,0,0,0,0,0,0,0,0,0,0,0,0,0,0,16,0,24,,0,0,8500000,0,0,0,0,0,0,0,0,0,0,0,0,0,0,0,0,0,17000000,0,,25500000,15671,16150
2025-12-11 00:00:00,1,,,,,,,,,,,,,,,,,,,,,,,,24,,0,24,1070,1102.705634611703,2729.915129857699,0,0,0,0,0,0,0,0,0,0,0,0,0,0,0,0,0,0,0,0,1102.7056346117033,0,0,0,0,0,0,0,0,0,0,0,0,0,0,0,0,0,0,0,0,0,1627.2094952459959,0,0,0,0,0,0,0,0,0,0,0,0,0,0,0,0,0,0,0,0,0,0,0,0,0,0,0,0,0,0,0,0,0,0,0,0,0,0,0,0,0,0,0,2729.915129857699,0,,1627.2094952459959,1.0305660136557973,0,1,0,0,0,0,0,0,0,0,0,0,0,0,0,0,0,0,0,0,0,0,14,0,14,,0,0,0,0,0,0,0,0,0,0,0,0,0,0,0,0,0,0,0,0,0,0,0,,0,0,0,0,0,0,0,0,0,0,0,0,0,0,0,0,0,0,0,0,24,0,24,,0,0,0,0,0,0,0,0,0,0,0,0,0,0,0,0,0,0,0,0,24,0,24,,0,0,0,0,0,0,0,0,0,0,0,0,0,0,0,0,0,0,0,0,25500000,0,,25500000,15671,16150
2025-12-12 00:00:00,1,,,,,,,,,,,,,,,,,,,,,,,,24,,0,24,1900,1957.3260190087387,3583.912738406583,0,0,0,0,0,0,0,0,0,0,0,0,0,0,0,0,0,0,0,0,1957.326019008739,0,0,0,0,0,0,0,0,0,0,0,0,0,0,0,0,0,0,0,0,0,1626.586719397844,0,0,0,0,0,0,0,0,0,0,0,0,0,0,0,0,0,0,0,0,0,0,0,0,0,0,0,0,0,0,0,0,0,0,0,0,0,0,0,0,0,0,0,3583.9127384065832,0,,1626.586719397844,1.0301715889519678,0,1,0,0,0,0,0,0,0,0,0,0,0,0,0,0,0,0,0,0,0,0,14,0,14,,0,0,0,0,0,0,0,0,0,0,0,0,0,0,0,0,0,0,0,0,0,0,0,,0,0,0,0,0,0,0,0,0,0,0,0,0,0,0,0,0,0,0,0,24,0,24,,0,0,0,0,0,0,0,0,0,0,0,0,0,0,0,0,0,0,0,0,24,0,24,,0,0,0,0,0,0,0,0,0,0,0,0,0,0,0,0,0,0,0,0,25500000,0,,25500000,15677,16150
2025-12-13 00:00:00,1,,,,,,,,,,,,,,,,,,,,,,,,24,,0,24,1981,2028.606302707501,3645.498066070636,0,0,0,0,0,0,0,0,0,0,0,0,0,0,0,0,0,0,0,0,2028.6063027075013,0,0,0,0,0,0,0,0,0,0,0,0,0,0,0,0,0,0,0,0,0,1616.8917633631347,0,0,0,0,0,0,0,0,0,0,0,0,0,0,0,0,0,0,0,0,0,0,0,0,0,0,0,0,0,0,0,0,0,0,0,0,0,0,0,0,0,0,0,3645.498066070636,0,,1616.891763363135,1.0240314501299854,0,1,0,0,0,0,0,0,0,0,0,0,0,0,0,0,0,0,0,0,0,0,14,0,14,,0,0,0,0,0,0,0,0,0,0,0,0,0,0,0,0,0,0,0,0,0,0,0,,0,0,0,0,0,0,0,0,0,0,0,0,0,0,0,0,0,0,0,0,24,0,24,,0,0,0,0,0,0,0,0,0,0,0,0,0,0,0,0,0,0,0,0,24,0,24,,0,0,0,0,0,0,0,0,0,0,0,0,0,0,0,0,0,0,0,0,25500000,0,,25500000,15771,16150
2025-12-14 00:00:00,1,,,,,,4,4,,,,,,,,,,,,,,,,,16,,0,24,1591,1628.0984666075276,3243.863261943987,0,0,271.349744434588,271.349744434588,0,0,0,0,0,0,0,0,0,0,0,0,0,0,0,0,1085.398977738352,0,0,0,269.29413255607653,269.29413255607653,0,0,0,0,0,0,0,0,0,0,0,0,0,0,0,0,1077.1765302243061,0,0,0,0,0,0,0,0,0,0,0,0,0,0,0,0,0,0,0,0,0,0,0,0,0,540.6438769906645,540.6438769906645,0,0,0,0,0,0,0,0,0,0,0,0,0,0,0,0,2162.575507962658,0,,1615.7647953364592,1.023317703713091,0,3,0,0,125,14,0,0,0,0,0,0,0,0,0,0,0,0,0,0,0,0,14,0,153,,0,0,0,0,0,0,0,0,0,0,0,0,0,0,0,0,0,0,0,0,0,0,0,,0,0,4,4,0,0,0,0,0,0,0,0,0,0,0,0,0,0,0,0,16,0,24,,0,0,4,4,0,0,0,0,0,0,0,0,0,0,0,0,0,0,0,0,16,0,24,,0,0,4250000,4250000,0,0,0,0,0,0,0,0,0,0,0,0,0,0,0,0,17000000,0,,25500000,15782,16150
2025-12-15 00:00:00,1,,,,,,,,,,,,,,,,,,,,,,,,24,,0,24,1226,1247.3949473949474,2853.896553896554,0,0,0,0,0,0,0,0,0,0,0,0,0,0,0,0,0,0,0,0,1247.3949473949474,0,0,0,0,0,0,0,0,0,0,0,0,0,0,0,0,0,0,0,0,0,1606.5016065016068,0,0,0,0,0,0,0,0,0,0,0,0,0,0,0,0,0,0,0,0,0,0,0,0,0,0,0,0,0,0,0,0,0,0,0,0,0,0,0,0,0,0,0,2853.896553896554,0,,1606.5016065016066,1.0174510174510174,0,1,0,0,0,0,0,0,0,0,0,0,0,0,0,0,0,0,0,0,0,0,14,0,14,,0,0,0,0,0,0,0,0,0,0,0,0,0,0,0,0,0,0,0,0,0,0,0,,0,0,0,0,0,0,0,0,0,0,0,0,0,0,0,0,0,0,0,0,24,0,24,,0,0,0,0,0,0,0,0,0,0,0,0,0,0,0,0,0,0,0,0,24,0,24,,0,0,0,0,0,0,0,0,0,0,0,0,0,0,0,0,0,0,0,0,25500000,0,,25500000,15873,16150
2025-12-16 00:00:00,1,,,,,,,8,,,,,,,,,,,,,,,,,16,,0,24,1440,1463.7462235649548,3068.7311178247737,0,0,0,487.9154078549849,0,0,0,0,0,0,0,0,0,0,0,0,0,0,0,0,975.8308157099698,0,0,0,0,534.9949647532729,0,0,0,0,0,0,0,0,0,0,0,0,0,0,0,0,1069.9899295065459,0,0,0,0,0,0,0,0,0,0,0,0,0,0,0,0,0,0,0,0,0,0,0,0,0,0,1022.9103726082578,0,0,0,0,0,0,0,0,0,0,0,0,0,0,0,0,2045.8207452165157,0,,1604.9848942598187,1.0164904330312186,0,2,0,0,0,14,0,0,0,0,0,0,0,0,0,0,0,0,0,0,0,0,14,0,28,,0,0,0,0,0,0,0,0,0,0,0,0,0,0,0,0,0,0,0,0,0,0,0,,0,0,0,8,0,0,0,0,0,0,0,0,0,0,0,0,0,0,0,0,16,0,24,,0,0,0,8,0,0,0,0,0,0,0,0,0,0,0,0,0,0,0,0,16,0,24,,0,0,0,8500000,0,0,0,0,0,0,0,0,0,0,0,0,0,0,0,0,17000000,0,,25500000,15888,16150
2025-12-17 00:00:00,1,,,,,,8,8,,,,,,,,,,,,,,,,,8,,0,24,1821,1851.029078549849,3456.0139728096674,0,0,617.0096928499497,617.0096928499497,0,0,0,0,0,0,0,0,0,0,0,0,0,0,0,0,617.0096928499497,0,0,0,534.9949647532729,534.9949647532729,0,0,0,0,0,0,0,0,0,0,0,0,0,0,0,0,534.9949647532729,0,0,0,0,0,0,0,0,0,0,0,0,0,0,0,0,0,0,0,0,0,0,0,0,0,1152.0046576032228,1152.0046576032228,0,0,0,0,0,0,0,0,0,0,0,0,0,0,0,0,1152.0046576032228,0,,1604.9848942598187,1.0164904330312186,0,3,0,0,125,14,0,0,0,0,0,0,0,0,0,0,0,0,0,0,0,0,14,0,153,,0,0,0,0,0,0,0,0,0,0,0,0,0,0,0,0,0,0,0,0,0,0,0,,0,0,8,8,0,0,0,0,0,0,0,0,0,0,0,0,0,0,0,0,8,0,24,,0,0,8,8,0,0,0,0,0,0,0,0,0,0,0,0,0,0,0,0,8,0,24,,0,0,8500000,8500000,0,0,0,0,0,0,0,0,0,0,0,0,0,0,0,0,8500000,0,,25500000,15888,16150
2025-12-18 00:00:00,1,,,,,,,8,,,,,,,,,,,,,,,,,16,,0,24,1723,1751.4130161127896,3356.3979103726083,0,0,0,583.8043387042633,0,0,0,0,0,0,0,0,0,0,0,0,0,0,0,0,1167.6086774085265,0,0,0,0,534.9949647532729,0,0,0,0,0,0,0,0,0,0,0,0,0,0,0,0,1069.9899295065459,0,0,0,0,0,0,0,0,0,0,0,0,0,0,0,0,0,0,0,0,0,0,0,0,0,0,1118.799303457536,0,0,0,0,0,0,0,0,0,0,0,0,0,0,0,0,2237.598606915072,0,,1604.9848942598187,1.0164904330312186,0,2,0,0,0,14,0,0,0,0,0,0,0,0,0,0,0,0,0,0,0,0,14,0,28,,0,0,0,0,0,0,0,0,0,0,0,0,0,0,0,0,0,0,0,0,0,0,0,,0,0,0,8,0,0,0,0,0,0,0,0,0,0,0,0,0,0,0,0,16,0,24,,0,0,0,8,0,0,0,0,0,0,0,0,0,0,0,0,0,0,0,0,16,0,24,,0,0,0,8500000,0,0,0,0,0,0,0,0,0,0,0,0,0,0,0,0,17000000,0,,25500000,15888,16150
2025-12-19 00:00:00,1,,,,,,,8,,,,,,,,,,,,,,,,,16,,0,24,1402,1428.7165572942959,3037.7523977788996,0,0,0,476.23885243143195,0,0,0,0,0,0,0,0,0,0,0,0,0,0,0,0,952.4777048628639,0,0,0,0,536.3452801615346,0,0,0,0,0,0,0,0,0,0,0,0,0,0,0,0,1072.6905603230691,0,0,0,0,0,0,0,0,0,0,0,0,0,0,0,0,0,0,0,0,0,0,0,0,0,0,1012.5841325929665,0,0,0,0,0,0,0,0,0,0,0,0,0,0,0,0,2025.168265185933,0,,1609.0358404846038,1.0190560323069158,0,2,0,0,0,14,0,0,0,0,0,0,0,0,0,0,0,0,0,0,0,0,14,0,28,,0,0,0,0,0,0,0,0,0,0,0,0,0,0,0,0,0,0,0,0,0,0,0,,0,0,0,8,0,0,0,0,0,0,0,0,0,0,0,0,0,0,0,0,16,0,24,,0,0,0,8,0,0,0,0,0,0,0,0,0,0,0,0,0,0,0,0,16,0,24,,0,0,0,8500000,0,0,0,0,0,0,0,0,0,0,0,0,0,0,0,0,17000000,0,,25500000,15848,16150
2025-12-20 00:00:00,1,,,,,,8,8,,,,,,,,,,,,,,,,,8,,0,24,1882,1921.743803743045,3534.035154274153,0,0,640.5812679143484,640.5812679143484,0,0,0,0,0,0,0,0,0,0,0,0,0,0,0,0,640.5812679143484,0,0,0,537.4304501770359,537.4304501770359,0,0,0,0,0,0,0,0,0,0,0,0,0,0,0,0,537.4304501770359,0,0,0,0,0,0,0,0,0,0,0,0,0,0,0,0,0,0,0,0,0,0,0,0,0,1178.0117180913844,1178.0117180913844,0,0,0,0,0,0,0,0,0,0,0,0,0,0,0,0,1178.0117180913844,0,,1612.2913505311078,1.0211178553363682,0,3,0,0,125,14,0,0,0,0,0,0,0,0,0,0,0,0,0,0,0,0,14,0,153,,0,0,0,0,0,0,0,0,0,0,0,0,0,0,0,0,0,0,0,0,0,0,0,,0,0,8,8,0,0,0,0,0,0,0,0,0,0,0,0,0,0,0,0,8,0,24,,0,0,8,8,0,0,0,0,0,0,0,0,0,0,0,0,0,0,0,0,8,0,24,,0,0,8500000,8500000,0,0,0,0,0,0,0,0,0,0,0,0,0,0,0,0,8500000,0,,25500000,15816,16150
2025-12-21 00:00:00,1,,,,,,,6,,,,,,,,,,6,,,,,,,12,,0,24,1954,1989.9798209105813,3598.0010089544708,0,0,0,497.4949552276454,0,0,0,0,0,0,0,0,0,497.4949552276454,0,0,0,0,0,0,994.9899104552908,0,0,0,0,402.00529701097236,0,0,0,0,0,0,0,0,0,402.00529701097236,0,0,0,0,0,0,804.0105940219447,0,0,0,0,0,0,0,0,0,0,0,0,0,0,0,0,0,0,0,0,0,0,0,0,0,0,899.5002522386178,0,0,0,0,0,0,0,0,0,899.5002522386178,0,0,0,0,0,0,1799.0005044772356,0,,1608.0211880438894,1.0184134190944634,0,3,0,0,0,14,0,0,0,0,0,0,0,0,0,14,0,0,0,0,0,0,14,0,42,,0,0,0,0,0,0,0,0,0,0,0,0,0,0,0,0,0,0,0,0,0,0,0,,0,0,0,6,0,0,0,0,0,0,0,0,0,6,0,0,0,0,0,0,12,0,24,,0,0,0,6,0,0,0,0,0,0,0,0,0,6,0,0,0,0,0,0,12,0,24,,0,0,0,6375000,0,0,0,0,0,0,0,0,0,6375000,0,0,0,0,0,0,12750000,0,,25500000,15858,16150
2025-12-22 00:00:00,1,,,,,,,8,,,,,,,,,,,,,,,,,16,,0,24,1286,1302.778823234224,2902.327186049429,0,0,0,434.2596077447414,0,0,0,0,0,0,0,0,0,0,0,0,0,0,0,0,868.5192154894828,0,0,0,0,533.1827876050684,0,0,0,0,0,0,0,0,0,0,0,0,0,0,0,0,1066.3655752101367,0,0,0,0,0,0,0,0,0,0,0,0,0,0,0,0,0,0,0,0,0,0,0,0,0,0,967.4423953498098,0,0,0,0,0,0,0,0,0,0,0,0,0,0,0,0,1934.8847906996195,0,,1599.548362815205,1.01304729644963,0,2,0,0,0,14,0,0,0,0,0,0,0,0,0,0,0,0,0,0,0,0,14,0,28,,0,0,0,0,0,0,0,0,0,0,0,0,0,0,0,0,0,0,0,0,0,0,0,,0,0,0,8,0,0,0,0,0,0,0,0,0,0,0,0,0,0,0,0,16,0,24,,0,0,0,8,0,0,0,0,0,0,0,0,0,0,0,0,0,0,0,0,16,0,24,,0,0,0,8500000,0,0,0,0,0,0,0,0,0,0,0,0,0,0,0,0,17000000,0,,25500000,15942,16150
2025-12-23 00:00:00,1,,,,,,,8,,,,,,,,,,,,,,,,,16,,0,24,1044,1059.6819810194206,2662.346804097794,0,0,0,353.2273270064735,0,0,0,0,0,0,0,0,0,0,0,0,0,0,0,0,706.454654012947,0,0,0,0,534.2216076927912,0,0,0,0,0,0,0,0,0,0,0,0,0,0,0,0,1068.4432153855823,0,0,0,0,0,0,0,0,0,0,0,0,0,0,0,0,0,0,0,0,0,0,0,0,0,0,887.4489346992647,0,0,0,0,0,0,0,0,0,0,0,0,0,0,0,0,1774.8978693985293,0,,1602.6648230783735,1.0150210546163032,0,2,0,0,0,14,0,0,0,0,0,0,0,0,0,0,0,0,0,0,0,0,14,0,28,,0,0,0,0,0,0,0,0,0,0,0,0,0,0,0,0,0,0,0,0,0,0,0,,0,0,0,8,0,0,0,0,0,0,0,0,0,0,0,0,0,0,0,0,16,0,24,,0,0,0,8,0,0,0,0,0,0,0,0,0,0,0,0,0,0,0,0,16,0,24,,0,0,0,8500000,0,0,0,0,0,0,0,0,0,0,0,0,0,0,0,0,17000000,0,,25500000,15911,16150
2025-12-24 00:00:00,1,,,,,,8,8,,,,,,,,,,,,,,,,,8,,0,24,1914,1942.7502985356043,3545.415121613978,0,0,647.5834328452014,647.5834328452014,0,0,0,0,0,0,0,0,0,0,0,0,0,0,0,0,647.5834328452014,0,0,0,534.2216076927912,534.2216076927912,0,0,0,0,0,0,0,0,0,0,0,0,0,0,0,0,534.2216076927912,0,0,0,0,0,0,0,0,0,0,0,0,0,0,0,0,0,0,0,0,0,0,0,0,0,1181.8050405379927,1181.8050405379927,0,0,0,0,0,0,0,0,0,0,0,0,0,0,0,0,1181.8050405379927,0,,1602.6648230783735,1.0150210546163032,0,3,0,0,125,14,0,0,0,0,0,0,0,0,0,0,0,0,0,0,0,0,14,0,153,,0,0,0,0,0,0,0,0,0,0,0,0,0,0,0,0,0,0,0,0,0,0,0,,0,0,8,8,0,0,0,0,0,0,0,0,0,0,0,0,0,0,0,0,8,0,24,,0,0,8,8,0,0,0,0,0,0,0,0,0,0,0,0,0,0,0,0,8,0,24,,0,0,8500000,8500000,0,0,0,0,0,0,0,0,0,0,0,0,0,0,0,0,8500000,0,,25500000,15911,16150
-,,,,,0,,,,,,,,,,,,,,,,,,,,,,,0,,0,0,0,0,0,0,0,0,0,0,0,0,0,0,0,0,0,0,0,0,0,0,0,0,0,0,0,0,0,0,0,0,0,0,0,0,0,0,0,0,0,0,0,0,0,0,0,0,0,0,0,0,0,0,0,0,0,0,0,0,0,0,0,0,0,0,0,0,0,0,0,0,0,0,0,0,0,0,0,0,0,0,0,0,0,0,0,0,0,0,,1602.6648230783735,1.0150210546163032,0,1,125,0,0,0,0,0,0,0,0,0,0,0,0,0,0,0,0,0,0,0,0,0,125,,0,0,0,0,0,0,0,0,0,0,0,0,0,0,0,0,0,0,0,0,0,0,0,,0,0,0,0,0,0,0,0,0,0,0,0,0,0,0,0,0,0,0,0,0,0,0,,0,0,0,0,0,0,0,0,0,0,0,0,0,0,0,0,0,0,0,0,0,0,0,,0,0,0,0,0,0,0,0,0,0,0,0,0,0,0,0,0,0,0,0,0,0,,25500000,15911,16150
TOTAL,,0,0,0,0,0,40,180,0,0,0,0,0,0,0,0,0,6,0,0,0,0,0,0,494,0,0,720,46870,47993.0848521626,96497.18607554359,0,0,3029.8190712863407,11922.622274688683,0,0,0,0,0,0,0,0,0,497.4949552276454,0,0,0,0,0,0,32543.148550959926,0,0,0,2687.8946468927475,12116.378456568862,0,0,0,0,0,0,0,0,0,402.00529701097236,0,0,0,0,0,0,33297.82282290844,0,0,0,0,0,0,0,0,0,0,0,0,0,0,0,0,0,0,0,0,0,0,0,0,0,5717.713718179088,24039.00073125754,0,0,0,0,0,0,0,0,0,899.5002522386178,0,0,0,0,0,0,65840.97137386836,0,,50106.7660464594,,0,,,,,,,,,,,,,,,,,,,,,,,,,,,,,,,,,,,,,,,,,,,,,,,,,,0,0,40,180,0,0,0,0,0,0,0,0,0,6,0,0,0,0,0,0,494,0,720,,,,,,,,,,,,,,,,,,,,,,,,,,0,0,42500000,191250000,0,0,0,0,0,0,0,0,0,6375000,0,0,0,0,0,0,524875000,0,,790500000,,
TOTAL PERCENTS,,0,0,0,0,0,0.05555555555555555,0.25,0,0,0,0,0,0,0,0,0,0.008333333333333333,0,0,0,0,0,0,0.6861111111111111,0,0,,,,,,,,,,,,,,,,,,,,,,,,,,,0,0,0.0554158221490159,0.24980111270937758,0,0,0,0,0,0,0,0,0,0.00828806816066079,0,0,0,0,0,0,0.6864949969809457,0,,,,,,,,,,,,,,,,,,,,,,,,,,,,,,,,,,,,,,,,,,,,,,,,,,,,,,,,,,,,,,,,,,,,,,,,,,,,,,,,,,,,,,,,,,,,,,,,,,,,,,,,,,,,,,,,,,,,,,,,720,,,,,,,,,,,,,,,,,,,,,,,,,,0,0,0.05555555555555555,0.25,0,0,0,0,0,0,0,0,0,0.008333333333333333,0,0,0,0,0,0,0.6861111111111111,0,,,,
,,,,,,,,,,,,,,,,,,,,,,,,,,,1,,,,,,,,,,,,,,,,,,,,,,,,,,,,,,,,,,,,,,,,,,,,,,,,1,,,,,,,,,,,,,,,,,,,,,,,,,,,,,,,,,,,,,,,,,,,,,,0,Downtime,,,,,,,,,,,,,,,,,,,,,,,,,,,,,,,,,,,,,,,,,,,,,,,,,,,,,,,,,,,,,,,,,,,,,,,,,,,,,,,,,,,,,,,,,,,,,,,,,,,,,,,,,,,,,,,,,,,,,,,,1,,,,
,,,,,,,,,,,,,,,,,,,,,,,,,,Total hours,720,,,,,,,,,,,,,,,,,,,,,,,,,Fuel ,47993.084852162596,,,,,,,,,,,,,,,,,,,,Charter Hire,,48504.101223381025,,,,,,,,,,,,,,,,,,,,Mob/Demob ,,0,,,,,,,,,,,,,,,,,,,,,Total:,96497.1860755436,,,,,2,125,0,750,336,0,0,,,,,,,,,,,,,0,0,420,0,1645,,,,,,,,,,,,,,,,,,,,,,,,,,,,,,,,,,,,,,,,,,,,,,,,,,,,,,,,,,,,,,,,,,,,,,,,,,,,,,,,,,,,,,,,,,,,,Charter Hire Rp,,765000000,,,,
,,,,,,,,,,,,,,,,,,,,,,,,,,,,,,,,25 Nov - 24 Dec 2025,,,,,,,,,,,,,,,,,,,,,,,,,,,,,,,,,,,,,,,,,,,,,,,,,,,,,,,,,,,,,,,,,,,,,,,,,,,,,,,,,,,,,,,,,,,,,,,,,,,,,,,,,,,,,,,,,,,,,,,,,,,,,,,,,,,,,,,,,,,,,,,,,,,,,,,,,,,,,,,,,,,,,,,,,,,,,,,,,,,,,,,,,,,,,,,,,,,,,,,,,,,,,,,,,,,,,,
 Boat Name:,,,,,,,,,,,,,,,,,,,,,,,,,,,,,,,,CB MANDAR (2nd call out CB GELATIK),,,,Boat Fuel Consumption in Liters,,,,,,,,,,,,,,,,,,,,,,,,,,,,,,,,,,,,,,,,,,,,,,,,,,,,,,,,,,,,,,,,,,,,,,,,,,,,,,,,,,,,,,,,,,,,,,,,,,,,,,,,,,,,,,,,,,,,,,,,,,,,,,,,,,,,,,,,,,,,,,,,,,,,,,,,,,,,,,,,,,,,,,,,,,,,,,,,,,,,,,,,,,,,,,,,,,,,,,,,,,,,,,,,,,
Date,,,,,,,,,,,,,,,,,,,,,,,,,,,,,,,,RUN EXPLOSIVE,ASSET,TIRTA RAJAWALI,S: SLICKLINE UNIT,N: SLICKLINE (1),LAIN-LAIN,SOIL BORING,"N: SLICKLINE
(2)",DEBRIS SURVEY,"STORK
(WLI)",-,-,-,"SOUTH
OSF","NORTH
OSF",-," P_NORTH
ATTAKA","P_NORTH
NIB","P_NORTH
SANTAN
TERMINAL","P_NORTH
SECURITY PATROL",P_SOUTH,P_SOUTH SECURITY PATROL,Total,,,,,,,,,,,,,,,,,,,,,,,,,,,,,,,,,,,,,,,,,,,,,,,,,,,,,,,,,,,,,,,,,,,,,,,,,,,,,,,,,,,,,,,,,,,,,,,,,,,,,,,,,,,,,,,,,,,,,,,,,,,,,,,,,,,,,,,,,,,,,,,,,,,,,,,,,,,,,,,,,,,,,,,"DAILY
FUEL
RUN EXPLOSIVE","DAILY
FUEL
ASSET","DAILY
FUEL
'TIRTA RAJAWALI","DAILY
FUEL 
S: SLICKLINE UNIT","DAILY
FUEL
N: SLICKLINE (1)","DAILY
FUEL
LAIN-LAIN","DAILY
FUEL
SOIL BORING","DAILY
FUEL
N: SLICKLINE
(2)","DAILY
FUEL
DEBRIS SURVEY","DAILY
FUEL
STORK
(WLI)","DAILY
FUEL
-","DAILY
FUEL
-","DAILY
FUEL
-","DAILY FUEL
SOUTH
OSF","DAILY FUEL
NORTH
OSF","DAILY FUEL  
-","DAILY FUEL 
P_NORTH
ATTAKA","DAILY FUEL
P_NORTH
NIB","DAILY FUEL
P_NORTH
SANTAN
TERMINAL","DAILY FUEL
P_NORTH
SECURITY PATROL","DAILY FUEL
P_SOUTH","DAILY FUEL
P_SOUTH SECURITY PATROL",,,,
2025-11-25 00:00:00,,,,,,,,,,,,,,,,,,,,,,,,,,,,,1595.9999999999998,1649.2034039285943,1649.203403928594,0,0,0,797.9999999999999,0,0,0,0,0,0,0,0,0,0,0,0,0,0,0,0,797.9999999999999,0,1595.9999999999998,1631.5823149273785,,,,,,,,,,,,,,,,,,,,,,,,,,,,,,,,,,,,,,,,,,,,,,,,,,,,,,,,,,,,,,,,,,,,,,,,,,,,,,,,,,,,,,,,,,,,,,,,,,,,,,,,,,,,,,,,,,,,,,,,,,,,,,,,,,,,,,,,,,,,,,,,,,,,,,,,,,,,,,,,,,,,,,0,0,0,12887700,0,0,0,0,0,0,0,0,0,0,0,0,0,0,0,0,12887700,0,,,,
2025-11-26 00:00:00,,,,,,,,,,,,,,,,,,,,,,,,,,,,,1561,1613.0366626143707,1613.036662614371,0,0,0,520.3333333333334,0,0,0,0,0,0,0,0,0,0,0,0,0,0,0,0,1040.6666666666667,0,1561.0000000000002,1631.5823149273788,,,,,,,,,,,,,,,,,,,,,,,,,,,,,,,,,,,,,,,,,,,,,,,,,,,,,,,,,,,,,,,,,,,,,,,,,,,,,,,,,,,,,,,,,,,,,,,,,,,,,,,,,,,,,,,,,,,,,,,,,,,,,,,,,,,,,,,,,,,,,,,,,,,,,,,,,,,,,,,,,,,,,,0,0,0,8403383.333333334,0,0,0,0,0,0,0,0,0,0,0,0,0,0,0,0,16806766.666666668,0,,,,
2025-11-27 00:00:00,,,,,,,,,,,,,,,,,,,,,,,,,,,,,1372,1417.7362595175634,1417.7362595175634,0,0,0,457.3333333333333,0,0,0,0,0,0,0,0,0,0,0,0,0,0,0,0,914.6666666666666,0,1372,1631.5823149273788,,,,,,,,,,,,,,,,,,,,,,,,,,,,,,,,,,,,,,,,,,,,,,,,,,,,,,,,,,,,,,,,,,,,,,,,,,,,,,,,,,,,,,,,,,,,,,,,,,,,,,,,,,,,,,,,,,,,,,,,,,,,,,,,,,,,,,,,,,,,,,,,,,,,,,,,,,,,,,,,,,,,,,0,0,0,7385933.333333333,0,0,0,0,0,0,0,0,0,0,0,0,0,0,0,0,14771866.666666666,0,,,,
2025-11-28 00:00:00,,,,,,,,,,,,,,,,,,,,,,,,,,,,,1498,1538.095238095238,1538.0952380952378,0,0,0,249.66666666666666,0,0,0,0,0,0,0,0,0,0,0,0,0,0,0,0,1248.3333333333333,0,1497.9999999999998,1621.2092313560938,,,,,,,,,,,,,,,,,,,,,,,,,,,,,,,,,,,,,,,,,,,,,,,,,,,,,,,,,,,,,,,,,,,,,,,,,,,,,,,,,,,,,,,,,,,,,,,,,,,,,,,,,,,,,,,,,,,,,,,,,,,,,,,,,,,,,,,,,,,,,,,,,,,,,,,,,,,,,,,,,,,,,,0,0,0,4032116.6666666665,0,0,0,0,0,0,0,0,0,0,0,0,0,0,0,0,20160583.333333332,0,,,,
2025-11-29 00:00:00,,,,,,,,,,,,,,,,,,,,,,,,,,,,,1271,1302.4524111675125,1302.4524111675128,0,0,0,423.6666666666667,0,0,0,0,0,0,0,0,0,0,0,0,0,0,0,0,847.3333333333334,0,1271.0000000000002,1618.020304568528,,,,,,,,,,,,,,,,,,,,,,,,,,,,,,,,,,,,,,,,,,,,,,,,,,,,,,,,,,,,,,,,,,,,,,,,,,,,,,,,,,,,,,,,,,,,,,,,,,,,,,,,,,,,,,,,,,,,,,,,,,,,,,,,,,,,,,,,,,,,,,,,,,,,,,,,,,,,,,,,,,,,,,0,0,0,6842216.666666667,0,0,0,0,0,0,0,0,0,0,0,0,0,0,0,0,13684433.333333334,0,,,,
2025-11-30 00:00:00,,,,,,,,,,,,,,,,,,,,,,,,,,,,,1761,1807.7898550724635,1807.7898550724635,0,0,0,587,0,0,0,0,0,0,0,0,0,0,0,0,0,0,0,0,1174,0,1761,1620.9000762776504,,,,,,,,,,,,,,,,,,,,,,,,,,,,,,,,,,,,,,,,,,,,,,,,,,,,,,,,,,,,,,,,,,,,,,,,,,,,,,,,,,,,,,,,,,,,,,,,,,,,,,,,,,,,,,,,,,,,,,,,,,,,,,,,,,,,,,,,,,,,,,,,,,,,,,,,,,,,,,,,,,,,,,0,0,0,9480050,0,0,0,0,0,0,0,0,0,0,0,0,0,0,0,0,18960100,0,,,,
2025-12-01 00:00:00,,,,,,,,,,,,,,,,,,,,,,,,,,,,,1354,1392.3654886978668,1392.3654886978668,0,0,0,451.3333333333333,0,0,0,0,0,0,0,0,0,0,0,0,0,0,0,0,902.6666666666666,0,1354,1623.686723973257,,,,,,,,,,,,,,,,,,,,,,,,,,,,,,,,,,,,,,,,,,,,,,,,,,,,,,,,,,,,,,,,,,,,,,,,,,,,,,,,,,,,,,,,,,,,,,,,,,,,,,,,,,,,,,,,,,,,,,,,,,,,,,,,,,,,,,,,,,,,,,,,,,,,,,,,,,,,,,,,,,,,,,0,0,0,7289033.333333333,0,0,0,0,0,0,0,0,0,0,0,0,0,0,0,0,14578066.666666666,0,,,,
2025-12-02 00:00:00,,,,,,,,,,,,,,,,,,,,,,,,,,,,,1530.0000000000002,1571.5512306811677,1571.551230681168,0,0,0,510.00000000000006,0,0,0,0,0,0,0,0,0,0,0,0,0,0,0,0,1020.0000000000001,0,1530.0000000000002,1621.8278954398015,,,,,,,,,,,,,,,,,,,,,,,,,,,,,,,,,,,,,,,,,,,,,,,,,,,,,,,,,,,,,,,,,,,,,,,,,,,,,,,,,,,,,,,,,,,,,,,,,,,,,,,,,,,,,,,,,,,,,,,,,,,,,,,,,,,,,,,,,,,,,,,,,,,,,,,,,,,,,,,,,,,,,,0,0,0,8236500,0,0,0,0,0,0,0,0,0,0,0,0,0,0,0,0,16473000,0,,,,
2025-12-03 00:00:00,,,,,,,,,,,,,,,,,,,,,,,,,,,,,1273,1307.571710233416,1307.5717102334158,0,0,0,424.3333333333333,0,0,0,0,0,0,0,0,0,0,0,0,0,0,0,0,848.6666666666666,0,1272.9999999999998,1621.8278954398015,,,,,,,,,,,,,,,,,,,,,,,,,,,,,,,,,,,,,,,,,,,,,,,,,,,,,,,,,,,,,,,,,,,,,,,,,,,,,,,,,,,,,,,,,,,,,,,,,,,,,,,,,,,,,,,,,,,,,,,,,,,,,,,,,,,,,,,,,,,,,,,,,,,,,,,,,,,,,,,,,,,,,,0,0,0,6852983.333333333,0,0,0,0,0,0,0,0,0,0,0,0,0,0,0,0,13705966.666666666,0,,,,
2025-12-04 00:00:00,,,,,,,,,,,,,,,,,,,,,,,,,,,,,2172,2230.986452966991,2230.986452966991,0,0,0,543,0,0,0,0,0,0,0,0,0,0,0,0,0,0,0,0,1629,0,2172,1621.8278954398015,,,,,,,,,,,,,,,,,,,,,,,,,,,,,,,,,,,,,,,,,,,,,,,,,,,,,,,,,,,,,,,,,,,,,,,,,,,,,,,,,,,,,,,,,,,,,,,,,,,,,,,,,,,,,,,,,,,,,,,,,,,,,,,,,,,,,,,,,,,,,,,,,,,,,,,,,,,,,,,,,,,,,,0,0,0,8769450,0,0,0,0,0,0,0,0,0,0,0,0,0,0,0,0,26308350,0,,,,
2025-12-05 00:00:00,,,,,,,,,,,,,,,,,,,,,,,,,,,,,1388,1423.1604342581425,1423.1604342581427,0,0,0,231.33333333333334,0,0,0,0,0,0,0,0,0,0,0,0,0,0,0,0,1156.6666666666667,0,1388.0000000000002,1618.9448288997523,,,,,,,,,,,,,,,,,,,,,,,,,,,,,,,,,,,,,,,,,,,,,,,,,,,,,,,,,,,,,,,,,,,,,,,,,,,,,,,,,,,,,,,,,,,,,,,,,,,,,,,,,,,,,,,,,,,,,,,,,,,,,,,,,,,,,,,,,,,,,,,,,,,,,,,,,,,,,,,,,,,,,,0,0,0,3736033.3333333335,0,0,0,0,0,0,0,0,0,0,0,0,0,0,0,0,18680166.666666668,0,,,,
2025-12-06 00:00:00,,,,,,,,,,,,,,,,,,,,,,,,,,,,,1598,1636.9212228846884,1636.9212228846884,0,0,0,532.6666666666666,0,0,0,0,0,0,0,0,0,0,0,0,0,0,0,0,1065.3333333333333,0,1598,1617.4045414182415,,,,,,,,,,,,,,,,,,,,,,,,,,,,,,,,,,,,,,,,,,,,,,,,,,,,,,,,,,,,,,,,,,,,,,,,,,,,,,,,,,,,,,,,,,,,,,,,,,,,,,,,,,,,,,,,,,,,,,,,,,,,,,,,,,,,,,,,,,,,,,,,,,,,,,,,,,,,,,,,,,,,,,0,0,0,8602566.666666666,0,0,0,0,0,0,0,0,0,0,0,0,0,0,0,0,17205133.333333332,0,,,,
2025-12-07 00:00:00,,,,,,,,,,,,,,,,,,,,,,,,,,,,,1337.9999999999998,1364.185606060606,1364.1856060606058,0,0,0,668.9999999999999,0,0,0,0,0,0,0,0,0,0,0,0,0,0,0,0,668.9999999999999,0,1337.9999999999998,1609.8484848484848,,,,,,,,,,,,,,,,,,,,,,,,,,,,,,,,,,,,,,,,,,,,,,,,,,,,,,,,,,,,,,,,,,,,,,,,,,,,,,,,,,,,,,,,,,,,,,,,,,,,,,,,,,,,,,,,,,,,,,,,,,,,,,,,,,,,,,,,,,,,,,,,,,,,,,,,,,,,,,,,,,,,,,0,0,0,10804350,0,0,0,0,0,0,0,0,0,0,0,0,0,0,0,0,10804350,0,,,,
2025-12-08 00:00:00,,,,,,,,,,,,,,,,,,,,,,,,,,,,,1984,2032.1938225407498,2032.1938225407498,0,0,330.6666666666667,330.6666666666667,0,0,0,0,0,0,0,0,0,0,0,0,0,0,0,0,1322.6666666666667,0,1984,1617.3019597894336,,,,,,,,,,,,,,,,,,,,,,,,,,,,,,,,,,,,,,,,,,,,,,,,,,,,,,,,,,,,,,,,,,,,,,,,,,,,,,,,,,,,,,,,,,,,,,,,,,,,,,,,,,,,,,,,,,,,,,,,,,,,,,,,,,,,,,,,,,,,,,,,,,,,,,,,,,,,,,,,,,,,,,0,0,5340266.666666667,5340266.666666667,0,0,0,0,0,0,0,0,0,0,0,0,0,0,0,0,21361066.666666668,0,,,,
2025-12-09 00:00:00,,,,,,,,,,,,,,,,,,,,,,,,,,,,,1442,1486.0761916916597,1486.0761916916597,0,0,0,0,0,0,0,0,0,0,0,0,0,0,0,0,0,0,0,0,1442,0,1442,1627.2094952459959,,,,,,,,,,,,,,,,,,,,,,,,,,,,,,,,,,,,,,,,,,,,,,,,,,,,,,,,,,,,,,,,,,,,,,,,,,,,,,,,,,,,,,,,,,,,,,,,,,,,,,,,,,,,,,,,,,,,,,,,,,,,,,,,,,,,,,,,,,,,,,,,,,,,,,,,,,,,,,,,,,,,,,0,0,0,0,0,0,0,0,0,0,0,0,0,0,0,0,0,0,0,0,23288300,0,,,,
2025-12-10 00:00:00,,,,,,,,,,,,,,,,,,,,,,,,,,,,,1498,1543.7878884563843,1543.7878884563843,0,0,499.3333333333333,0,0,0,0,0,0,0,0,0,0,0,0,0,0,0,0,0,998.6666666666666,0,1498,1627.2094952459959,,,,,,,,,,,,,,,,,,,,,,,,,,,,,,,,,,,,,,,,,,,,,,,,,,,,,,,,,,,,,,,,,,,,,,,,,,,,,,,,,,,,,,,,,,,,,,,,,,,,,,,,,,,,,,,,,,,,,,,,,,,,,,,,,,,,,,,,,,,,,,,,,,,,,,,,,,,,,,,,,,,,,,0,0,8064233.333333333,0,0,0,0,0,0,0,0,0,0,0,0,0,0,0,0,0,16128466.666666666,0,,,,
2025-12-11 00:00:00,,,,,,,,,,,,,,,,,,,,,,,,,,,,,1070.0000000000002,1102.705634611703,1102.7056346117033,0,0,0,0,0,0,0,0,0,0,0,0,0,0,0,0,0,0,0,0,1070.0000000000002,0,1070.0000000000002,1627.2094952459959,,,,,,,,,,,,,,,,,,,,,,,,,,,,,,,,,,,,,,,,,,,,,,,,,,,,,,,,,,,,,,,,,,,,,,,,,,,,,,,,,,,,,,,,,,,,,,,,,,,,,,,,,,,,,,,,,,,,,,,,,,,,,,,,,,,,,,,,,,,,,,,,,,,,,,,,,,,,,,,,,,,,,,0,0,0,0,0,0,0,0,0,0,0,0,0,0,0,0,0,0,0,0,17280500,0,,,,
2025-12-12 00:00:00,,,,,,,,,,,,,,,,,,,,,,,,,,,,,1900.0000000000002,1957.3260190087387,1957.326019008739,0,0,0,0,0,0,0,0,0,0,0,0,0,0,0,0,0,0,0,0,1900.0000000000002,0,1900.0000000000002,1626.586719397844,,,,,,,,,,,,,,,,,,,,,,,,,,,,,,,,,,,,,,,,,,,,,,,,,,,,,,,,,,,,,,,,,,,,,,,,,,,,,,,,,,,,,,,,,,,,,,,,,,,,,,,,,,,,,,,,,,,,,,,,,,,,,,,,,,,,,,,,,,,,,,,,,,,,,,,,,,,,,,,,,,,,,,0,0,0,0,0,0,0,0,0,0,0,0,0,0,0,0,0,0,0,0,30685000,0,,,,
2025-12-13 00:00:00,,,,,,,,,,,,,,,,,,,,,,,,,,,,,1981.0000000000002,2028.606302707501,2028.6063027075013,0,0,0,0,0,0,0,0,0,0,0,0,0,0,0,0,0,0,0,0,1981.0000000000002,0,1981.0000000000002,1616.8917633631347,,,,,,,,,,,,,,,,,,,,,,,,,,,,,,,,,,,,,,,,,,,,,,,,,,,,,,,,,,,,,,,,,,,,,,,,,,,,,,,,,,,,,,,,,,,,,,,,,,,,,,,,,,,,,,,,,,,,,,,,,,,,,,,,,,,,,,,,,,,,,,,,,,,,,,,,,,,,,,,,,,,,,,0,0,0,0,0,0,0,0,0,0,0,0,0,0,0,0,0,0,0,0,31993150,0,,,,
2025-12-14 00:00:00,,,,,,,,,,,,,,,,,,,,,,,,,,,,,1591,1628.0984666075276,1628.0984666075278,0,0,265.1666666666667,265.1666666666667,0,0,0,0,0,0,0,0,0,0,0,0,0,0,0,0,1060.6666666666667,0,1591.0000000000002,1615.7647953364592,,,,,,,,,,,,,,,,,,,,,,,,,,,,,,,,,,,,,,,,,,,,,,,,,,,,,,,,,,,,,,,,,,,,,,,,,,,,,,,,,,,,,,,,,,,,,,,,,,,,,,,,,,,,,,,,,,,,,,,,,,,,,,,,,,,,,,,,,,,,,,,,,,,,,,,,,,,,,,,,,,,,,,0,0,4282441.666666667,4282441.666666667,0,0,0,0,0,0,0,0,0,0,0,0,0,0,0,0,17129766.666666668,0,,,,
2025-12-15 00:00:00,,,,,,,,,,,,,,,,,,,,,,,,,,,,,1226,1247.3949473949474,1247.3949473949474,0,0,0,0,0,0,0,0,0,0,0,0,0,0,0,0,0,0,0,0,1226,0,1226,1606.5016065016068,,,,,,,,,,,,,,,,,,,,,,,,,,,,,,,,,,,,,,,,,,,,,,,,,,,,,,,,,,,,,,,,,,,,,,,,,,,,,,,,,,,,,,,,,,,,,,,,,,,,,,,,,,,,,,,,,,,,,,,,,,,,,,,,,,,,,,,,,,,,,,,,,,,,,,,,,,,,,,,,,,,,,,0,0,0,0,0,0,0,0,0,0,0,0,0,0,0,0,0,0,0,0,19799900,0,,,,
2025-12-16 00:00:00,,,,,,,,,,,,,,,,,,,,,,,,,,,,,1440,1463.7462235649548,1463.7462235649546,0,0,0,480,0,0,0,0,0,0,0,0,0,0,0,0,0,0,0,0,960,0,1439.9999999999998,1604.9848942598187,,,,,,,,,,,,,,,,,,,,,,,,,,,,,,,,,,,,,,,,,,,,,,,,,,,,,,,,,,,,,,,,,,,,,,,,,,,,,,,,,,,,,,,,,,,,,,,,,,,,,,,,,,,,,,,,,,,,,,,,,,,,,,,,,,,,,,,,,,,,,,,,,,,,,,,,,,,,,,,,,,,,,,0,0,0,7752000,0,0,0,0,0,0,0,0,0,0,0,0,0,0,0,0,15504000,0,,,,
2025-12-17 00:00:00,,,,,,,,,,,,,,,,,,,,,,,,,,,,,1821,1851.029078549849,1851.0290785498491,0,0,607,607,0,0,0,0,0,0,0,0,0,0,0,0,0,0,0,0,607,0,1821.0000000000002,1604.9848942598187,,,,,,,,,,,,,,,,,,,,,,,,,,,,,,,,,,,,,,,,,,,,,,,,,,,,,,,,,,,,,,,,,,,,,,,,,,,,,,,,,,,,,,,,,,,,,,,,,,,,,,,,,,,,,,,,,,,,,,,,,,,,,,,,,,,,,,,,,,,,,,,,,,,,,,,,,,,,,,,,,,,,,,0,0,9803050,9803050,0,0,0,0,0,0,0,0,0,0,0,0,0,0,0,0,9803050,0,,,,
2025-12-18 00:00:00,,,,,,,,,,,,,,,,,,,,,,,,,,,,,1723,1751.4130161127896,1751.4130161127898,0,0,0,574.3333333333334,0,0,0,0,0,0,0,0,0,0,0,0,0,0,0,0,1148.6666666666667,0,1723.0000000000002,1604.9848942598187,,,,,,,,,,,,,,,,,,,,,,,,,,,,,,,,,,,,,,,,,,,,,,,,,,,,,,,,,,,,,,,,,,,,,,,,,,,,,,,,,,,,,,,,,,,,,,,,,,,,,,,,,,,,,,,,,,,,,,,,,,,,,,,,,,,,,,,,,,,,,,,,,,,,,,,,,,,,,,,,,,,,,,0,0,0,9275483.333333334,0,0,0,0,0,0,0,0,0,0,0,0,0,0,0,0,18550966.666666668,0,,,,
2025-12-19 00:00:00,,,,,,,,,,,,,,,,,,,,,,,,,,,,,1402,1428.7165572942959,1428.7165572942959,0,0,0,467.3333333333333,0,0,0,0,0,0,0,0,0,0,0,0,0,0,0,0,934.6666666666666,0,1402,1609.0358404846038,,,,,,,,,,,,,,,,,,,,,,,,,,,,,,,,,,,,,,,,,,,,,,,,,,,,,,,,,,,,,,,,,,,,,,,,,,,,,,,,,,,,,,,,,,,,,,,,,,,,,,,,,,,,,,,,,,,,,,,,,,,,,,,,,,,,,,,,,,,,,,,,,,,,,,,,,,,,,,,,,,,,,,0,0,0,7547433.333333333,0,0,0,0,0,0,0,0,0,0,0,0,0,0,0,0,15094866.666666666,0,,,,
2025-12-20 00:00:00,,,,,,,,,,,,,,,,,,,,,,,,,,,,,1882,1921.743803743045,1921.7438037430452,0,0,627.3333333333334,627.3333333333334,0,0,0,0,0,0,0,0,0,0,0,0,0,0,0,0,627.3333333333334,0,1882.0000000000002,1612.2913505311078,,,,,,,,,,,,,,,,,,,,,,,,,,,,,,,,,,,,,,,,,,,,,,,,,,,,,,,,,,,,,,,,,,,,,,,,,,,,,,,,,,,,,,,,,,,,,,,,,,,,,,,,,,,,,,,,,,,,,,,,,,,,,,,,,,,,,,,,,,,,,,,,,,,,,,,,,,,,,,,,,,,,,,0,0,10131433.333333334,10131433.333333334,0,0,0,0,0,0,0,0,0,0,0,0,0,0,0,0,10131433.333333334,0,,,,
2025-12-21 00:00:00,,,,,,,,,,,,,,,,,,,,,,,,,,,,,1954.0000000000002,1989.9798209105813,1989.9798209105816,0,0,0,488.50000000000006,0,0,0,0,0,0,0,0,0,488.50000000000006,0,0,0,0,0,0,977.0000000000001,0,1954.0000000000002,1608.0211880438894,,,,,,,,,,,,,,,,,,,,,,,,,,,,,,,,,,,,,,,,,,,,,,,,,,,,,,,,,,,,,,,,,,,,,,,,,,,,,,,,,,,,,,,,,,,,,,,,,,,,,,,,,,,,,,,,,,,,,,,,,,,,,,,,,,,,,,,,,,,,,,,,,,,,,,,,,,,,,,,,,,,,,,0,0,0,7889275,0,0,0,0,0,0,0,0,0,7889275,0,0,0,0,0,0,15778550,0,,,,
2025-12-22 00:00:00,,,,,,,,,,,,,,,,,,,,,,,,,,,,,1286,1302.778823234224,1302.778823234224,0,0,0,428.6666666666667,0,0,0,0,0,0,0,0,0,0,0,0,0,0,0,0,857.3333333333334,0,1286,1599.548362815205,,,,,,,,,,,,,,,,,,,,,,,,,,,,,,,,,,,,,,,,,,,,,,,,,,,,,,,,,,,,,,,,,,,,,,,,,,,,,,,,,,,,,,,,,,,,,,,,,,,,,,,,,,,,,,,,,,,,,,,,,,,,,,,,,,,,,,,,,,,,,,,,,,,,,,,,,,,,,,,,,,,,,,0,0,0,6922966.666666667,0,0,0,0,0,0,0,0,0,0,0,0,0,0,0,0,13845933.333333334,0,,,,
2025-12-23 00:00:00,,,,,,,,,,,,,,,,,,,,,,,,,,,,,1044,1059.6819810194206,1059.6819810194206,0,0,0,348,0,0,0,0,0,0,0,0,0,0,0,0,0,0,0,0,696,0,1044,1602.6648230783735,,,,,,,,,,,,,,,,,,,,,,,,,,,,,,,,,,,,,,,,,,,,,,,,,,,,,,,,,,,,,,,,,,,,,,,,,,,,,,,,,,,,,,,,,,,,,,,,,,,,,,,,,,,,,,,,,,,,,,,,,,,,,,,,,,,,,,,,,,,,,,,,,,,,,,,,,,,,,,,,,,,,,,0,0,0,5620200,0,0,0,0,0,0,0,0,0,0,0,0,0,0,0,0,11240400,0,,,,
2025-12-24 00:00:00,,,,,,,,,,,,,,,,,,,,,,,,,,,,,1914,1942.7502985356043,1942.750298535604,0,0,638,638,0,0,0,0,0,0,0,0,0,0,0,0,0,0,0,0,638,0,1913.9999999999998,1602.6648230783735,,,,,,,,,,,,,,,,,,,,,,,,,,,,,,,,,,,,,,,,,,,,,,,,,,,,,,,,,,,,,,,,,,,,,,,,,,,,,,,,,,,,,,,,,,,,,,,,,,,,,,,,,,,,,,,,,,,,,,,,,,,,,,,,,,,,,,,,,,,,,,,,,,,,,,,,,,,,,,,,,,,,,,0,0,10303700,10303700,0,0,0,0,0,0,0,0,0,0,0,0,0,0,0,0,10303700,0,,,,
-,,,,,,,,,,,,,,,,,,,,,,,,,,,,,0,0,0,0,0,0,0,0,0,0,0,0,0,0,0,0,0,0,0,0,0,0,0,0,0,0,0,,,,,,,,,,,,,,,,,,,,,,,,,,,,,,,,,,,,,,,,,,,,,,,,,,,,,,,,,,,,,,,,,,,,,,,,,,,,,,,,,,,,,,,,,,,,,,,,,,,,,,,,,,,,,,,,,,,,,,,,,,,,,,,,,,,,,,,,,,,,,,,,,,,,,,,,,,,,,,,,,,,,,,0,0,0,0,0,0,0,0,0,0,0,0,0,0,0,0,0,0,0,0,0,0,,,,
,,,,,,,,,,,,,,,,,,,,,,,,,,,,,,47993.0848521626,Total,0,0,2967.5,11652.666666666668,0,0,0,0,0,0,0,0,0,488.50000000000006,0,0,0,0,0,0,31761.333333333332,0,46870,,,,,,,,,,,,,,,,,,,,,,,,,,,,,,,,,,,,,,,,,,,,,,,,,,,,,,,,,,,,,,,,,,,,,,,,,,,,,,,,,,,,,,,,,,,,,,,,,,,,,,,,,,,,,,,,,,,,,,,,,,,,,,,,,,,,,,,,,,,,,,,,,,,,,,,,,,,,,,,,,,,,,,,,,,,,,,,,,,,,,,,,,,,,,,,,
,,,,,,,,,,,,,,,,,,,,,,,,,,,,,,,,0,0,0.06331342009814381,0.24861674134129866,0,0,0,0,0,0,0,0,0,0.010422445060806487,0,0,0,0,0,0,0.677647393499751,0,1,,,,,,,,,,,,,,,,,,,,,,,,,,,,,,,,,,,,,,,,,,,,,,,,,,,,,,,,,,,,,,,,,,,,,,,,,,,,,,,,,,,,,,,,,,,,,,,,,,,,,,,,,,,,,,,,,,,,,,,,,,,,,,,,,,,,,,,,,,,,,,,,,,,,,,,,,,,,,,,,,,,,,,,"MOB/
DEMOB
RUN EXPLOSIVE","MOB/
DEMOB
ASSET","MOB/
DEMOB
'TIRTA RAJAWALI","MOB/
DEMOB
S: SLICKLINE UNIT","MOB/
DEMOB
N: SLICKLINE (1)","MOB/
DEMOB
LAIN-LAIN","MOB/
DEMOB
SOIL BORING","MOB/
DEMOB
N: SLICKLINE
(2)","MOB/
DEMOB
DEBRIS SURVEY","MOB/
DEMOB
STORK
(WLI)","MOB/
DEMOB
-","MOB/
DEMOB
-","MOB/
DEMOB
-","MOB/DEMOB
SOUTH
OSF","MOB/DEMOB
NORTH
OSF","MOB/DEMOB 
-","MOB/DEMOB 
P_NORTH
ATTAKA","MOB/DEMOB
P_NORTH
NIB","MOB/DEMOB
P_NORTH
SANTAN
TERMINAL","MOB/DEMOB
P_NORTH
SECURITY PATROL","MOB/DEMOB
P_SOUTH","MOB/DEMOB
P_SOUTH SECURITY PATROL",,,,
,,,,,,,,,,,,,,,,,,,,,,,,,,,,,,,,,,,,,,,,,,,,,,,,,,,,,,,,,,,,,,,,,,,,,,,,,,,,,,,,,,,,,,,,,,,,,,,,,,,,,,,,,,,,,,,,,,,,,,,,,,,,,,,,,,,,,,,,,,,,,,,,,,,,,,,,,,,,,,,,,,,,,,,,,,,,,,,,,,,,,,,,,,,,,,,,,,,,,,,,,,,,,,,,,,,,,,,,,,,,,0,0,0,0,0,0,0,0,0,0,0,0,0,0,0,0,0,0,0,0,0,0,,,,
,,,,,,,,,,,,,,,,,,,,,,,,,,,,,,,,,,,,,,,,,,,,,,,,,,,,,,,,,,,,,,,,,,,,,,,,,,,,,,,,,,,,,,,,,,,,,,,,,,,,,,,,,,,,,,,,,,,,,,,,,,,,,,,,,,,,,,,,,,,,,,,,,,,,,,,,,,,,,,,,,,,,,,,,,,,,,,,,,,,,,,,,,,,,,,,,,,,,,,,,,,,,,,,,,,,,,,,,,,,,,0,0,0,0,0,0,0,0,0,0,0,0,0,0,0,0,0,0,0,0,0,0,,,,
,,,,,,,,,,,,,,,,,,,,,,,,,,,,,,,,25 Nov - 24 Dec 2025,,,,,,,,,,,,,,,,,,,,,,,,,,,,,,,,,,,,,,,,,,,,,,,,,,,,,,,,,,,,,,,,,,,,,,,,,,,,,,,,,,,,,,,,,,,,,,,,,,,,,,,,,,,,,,,,,,,,,,,,,,,,,,,,,,,,,,,,,,,,,,,,,,,,,,,,,,,,,,,,,,,,,,,,,,,,,,,,,,,,,,,,,,,,,0,0,0,0,0,0,0,0,0,0,0,0,0,0,0,0,0,0,0,0,0,0,,,,
,,,,,,,,,,,,,,,,,,,,,,,,,,,,,,,,CB MANDAR (2nd call out CB GELATIK),,,,,,,,,,,,,,,,,,,,,,,,,,,,,,,,,,,,,,,,,,,,,,,,,,,,,,,,,,,,,,,,,,,,,,,,,,,,,,,,,,,,,,,,,,,,,,,,,,,,,,,,,,,,,,,,,,,,,,,,,,,,,,,,,,,,,,,,,,,,,,,,,,,,,,,,,,,,,,,,,,,,,,,,,,,,,,,,,,,,,,,,,,,,,0,0,0,0,0,0,0,0,0,0,0,0,0,0,0,0,0,0,0,0,0,0,,,,
,,,,,,,,,,,,,,,,,,,,,,,,,,,,,,,,PT. MARINA LOGISTIK SEJAHTERA,,,,,,,,,,,,,,,,,,,,,,,,,,,,,,,,,,,,,,,,,,,,,,,,,,,,,,,,,,,,,,,,,,,,,,,,,,,,,,,,,,,,,,,,,,,,,,,,,,,,,,,,,,,,,,,,,,,,,,,,,,,,,,,,,,,,,,,,,,,,,,,,,,,,,,,,,,,,,,,,,,,,,,,,,,,,,,,,,,,,,,,,,,,,,0,0,0,0,0,0,0,0,0,0,0,0,0,0,0,0,0,0,0,0,0,0,,,,
,,,,,,,,,,,,,,,,,,,,,,,,,,,,,,,,"DAILY
FUEL
RUN EXPLOSIVE","DAILY
FUEL
ASSET","DAILY
FUEL
'TIRTA RAJAWALI","DAILY
FUEL 
S: SLICKLINE UNIT","DAILY
FUEL
N: SLICKLINE (1)","DAILY
FUEL
LAIN-LAIN","DAILY
FUEL
SOIL BORING","DAILY
FUEL
N: SLICKLINE
(2)","DAILY
FUEL
DEBRIS SURVEY","DAILY
FUEL
STORK
(WLI)","DAILY
FUEL
-","DAILY
FUEL
-","DAILY
FUEL
-","DAILY FUEL
SOUTH
OSF","DAILY FUEL
NORTH
OSF","DAILY FUEL  
-","DAILY FUEL 
P_NORTH
ATTAKA","DAILY FUEL
P_NORTH
NIB","DAILY FUEL
P_NORTH
SANTAN
TERMINAL","DAILY FUEL
P_NORTH
SECURITY PATROL","DAILY FUEL
P_SOUTH","DAILY FUEL
P_SOUTH SECURITY PATROL",,,,,,,,,,,,,,,,,,,,,,,"MOB/
DEMOB
RUN EXPLOSIVE","MOB/
DEMOB
ASSET","MOB/
DEMOB
'TIRTA RAJAWALI","MOB/
DEMOB
S: SLICKLINE UNIT","MOB/
DEMOB
N: SLICKLINE (1)","MOB/
DEMOB
LAIN-LAIN","MOB/
DEMOB
SOIL BORING","MOB/
DEMOB
N: SLICKLINE
(2)","MOB/
DEMOB
DEBRIS SURVEY","MOB/
DEMOB
STORK
(WLI)","MOB/
DEMOB
-","MOB/
DEMOB
-","MOB/
DEMOB
-","MOB/DEMOB
SOUTH
OSF","MOB/DEMOB
NORTH
OSF","MOB/DEMOB 
-","MOB/DEMOB 
P_NORTH
ATTAKA","MOB/DEMOB
P_NORTH
NIB","MOB/DEMOB
P_NORTH
SANTAN
TERMINAL","MOB/DEMOB
P_NORTH
SECURITY PATROL","MOB/DEMOB
P_SOUTH","MOB/DEMOB
P_SOUTH SECURITY PATROL","TOTAL
DAILY COST
RUN EXPLOSIVE","TOTAL
DAILY COST
ASSET","TOTAL
DAILY COST
'TIRTA RAJAWALI","TOTAL
DAILY COST
S: SLICKLINE UNIT","TOTAL
DAILY COST
N:
SLICKLINE (1)","TOTAL
DAILY COST
LAIN-LAIN","TOTAL
DAILY COST
SOIL BORING","TOTAL
DAILY COST
N: SLICKLINE
(2)","TOTAL
DAILY COST
DEBRIS SURVEY","TOTAL
DAILY COST
STORK
(WLI)","TOTAL
DAILY COST
-","TOTAL
DAILY COST
-","TOTAL
DAILY COST
-","TOTAL
DAILY COST
SOUTH
OSF","TOTAL
DAILY COST
NORTH
OSF","TOTAL
DAILY COST 
-","TOTAL
DAILY COST 
P_NORTH
ATTAKA","TOTAL
DAILY COST
P_NORTH
NIB","TOTAL
DAILY COST
P_NORTH
SANTAN
TERMINAL","TOTAL
DAILY COST
P_NORTH
SECURITY PATROL","TOTAL
DAILY COST
P_SOUTH","TOTAL
DAILY COST
P_SOUTH SECURITY PATROL",,,,,,,,,,,,,,,,,,,,,,,,,,,,,,,,,,,,,,,,,,,,,,,,,,,,,,,,,,,,,,,,,,,,,,,,,,,,,,,,,,,,,,,,,,,,,,,,,,,,,,0,0,0,0,0,0,0,0,0,0,0,0,0,0,0,0,0,0,0,0,0,0,,,,
,,,,,,,,,,,,,,,,,,,,,,,,,,,,,,,,0,0,0,0.05276100210917506,0,0,0,0,0,0,0,0,0,0,0,0,0,0,0,0,0.05276100210917506,0,,,,,,,,,,,,,,,,,,,,,,,0,0,0,0,0,0,0,0,0,0,0,0,0,0,0,0,0,0,0,0,0,0,0,0,0,12750000.052761002,0,0,0,0,0,0,0,0,0,0,0,0,0,0,0,0,12750000.052761002,0,,,,,,,,,,,,,,,,,,,,,,,,,,,,,,,,,,,,,,,,,,,,,,,,,,,,,,,,,,,,,,,,,,,,,,,,,,,,,,,,,,,,,,,,,,,,,,,,,,,,,,0,0,0,0,0,0,0,0,0,0,0,0,0,0,0,0,0,0,0,0,0,0,,,,
,,,,,,,,,,,,,,,,,,,,,,,,,,,,,,,,0,0,0,0.03440264172615801,0,0,0,0,0,0,0,0,0,0,0,0,0,0,0,0,0.06880528345231603,0,,,,,,,,,,,,,,,,,,,,,,,0,0,0,0,0,0,0,0,0,0,0,0,0,0,0,0,0,0,0,0,0,0,0,0,0,8500000.034402642,0,0,0,0,0,0,0,0,0,0,0,0,0,0,0,0,17000000.068805285,0,,,,,,,,,,,,,,,,,,,,,,,,,,,,,,,,,,,,,,,,,,,,,,,,,,,,,,,,,,,,,,,,,,,,,,,,,,,,,,,,,,,,,,,,,,,,,,,,,,,,,,0,0,0,0,0,0,0,0,0,0,0,0,0,0,0,0,0,0,0,0,0,0,,,,
,,,,,,,,,,,,,,,,,,,,,,,,,,,,,,,,0,0,0,0.03023729945438103,0,0,0,0,0,0,0,0,0,0,0,0,0,0,0,0,0.06047459890876206,0,,,,,,,,,,,,,,,,,,,,,,,0,0,0,0,0,0,0,0,0,0,0,0,0,0,0,0,0,0,0,0,0,0,0,0,0,8500000.0302373,0,0,0,0,0,0,0,0,0,0,0,0,0,0,0,0,17000000.0604746,0,,,,,,,,,,,,,,,,,,,,,,,,,,,,,,,,,,,,,,,,,,,,,,,,,,,,,,,,,,,,,,,,,,,,,,,,,,,,,,,,,,,,,,,,,,,,,,,,,,,,,,0,0,0,0,0,0,0,0,0,0,0,0,0,0,0,0,0,0,0,0,0,0,,,,
,,,,,,,,,,,,,,,,,,,,,,,,,,,,,,,,0,0,0,0.016297870579770255,0,0,0,0,0,0,0,0,0,0,0,0,0,0,0,0,0.08148935289885127,0,,,,,,,,,,,,,,,,,,,,,,,0,0,0,0,0,0,0,0,0,0,0,0,0,0,0,0,0,0,0,0,0,0,0,0,0,4250000.01629787,0,0,0,0,0,0,0,0,0,0,0,0,0,0,0,0,21250000.081489354,0,,,,,,,,,,,,,,,,,,,,,,,,,,,,,,,,,,,,,,,,,,,,,,,,,,,,,,,,,,,,,,,,,,,,,,,,,,,,,,,,,,,,,,,,,,,,,,,,,,,,,,0,0,0,0,0,0,0,0,0,0,0,0,0,0,0,0,0,0,0,0,0,0,,,,
,,,,,,,,,,,,,,,,,,,,,,,,,,,,,,,,0,0,0,0.027547639830108137,0,0,0,0,0,0,0,0,0,0,0,0,0,0,0,0,0.055095279660216274,0,,,,,,,,,,,,,,,,,,,,,,,0,0,0,0,0,0,0,0,0,0,0,0,0,0,0,0,0,0,0,0,0,0,0,0,0,8500000.02754764,0,0,0,0,0,0,0,0,0,0,0,0,0,0,0,0,17000000.05509528,0,,,,,,,,,,,,,,,,,,,,,,,,,,,,,,,,,,,,,,,,,,,,,,,,,,,,,,,,,,,,,,,,,,,,,,,,,,,,,,,,,,,,,,,,,,,,,,,,,,,,,,0,0,0,0,0,0,0,0,0,0,0,0,0,0,0,0,0,0,0,0,0,0,,,,
,,,,,,,,,,,,,,,,,,,,,,,,,,,,,,,,0,0,0,0.03830387861412966,0,0,0,0,0,0,0,0,0,0,0,0,0,0,0,0,0.07660775722825933,0,,,,,,,,,,,,,,,,,,,,,,,0,0,0,0,0,0,0,0,0,0,0,0,0,0,0,0,0,0,0,0,0,0,0,0,0,8500000.038303878,0,0,0,0,0,0,0,0,0,0,0,0,0,0,0,0,17000000.076607756,0,,,,,,,,,,,,,,,,,,,,,,,,,,,,,,,,,,,,,,,,,,,,,,,,,,,,,,,,,,,,,,,,,,,,,,,,,,,,,,,,,,,,,,,,,,,,,,,,,,,,,,0,0,0,0,0,0,0,0,0,0,0,0,0,0,0,0,0,0,0,0,0,0,,,,
,,,,,,,,,,,,,,,,,,,,,,,,,,,,,,,,0,0,0,0.029552488351859637,0,0,0,0,0,0,0,0,0,0,0,0,0,0,0,0,0.059104976703719274,0,,,,,,,,,,,,,,,,,,,,,,,0,0,0,0,0,0,0,0,0,0,0,0,0,0,0,0,0,0,0,0,0,0,0,0,0,8500000.029552488,0,0,0,0,0,0,0,0,0,0,0,0,0,0,0,0,17000000.059104975,0,,,,,,,,,,,,,,,,,,,,,,,,,,,,,,,,,,,,,,,,,,,,,,,,,,,,,,,,,,,,,,,,,,,,,,,,,,,,,,,,,,,,,,,,,,,,,,,,,,,,,,0,0,0,0,0,0,0,0,0,0,0,0,0,0,0,0,0,0,0,0,0,0,,,,
,,,,,,,,,,,,,,,,,,,,,,,,,,,,,,,,0,0,0,0.03331745915073815,0,0,0,0,0,0,0,0,0,0,0,0,0,0,0,0,0.0666349183014763,0,,,,,,,,,,,,,,,,,,,,,,,0,0,0,0,0,0,0,0,0,0,0,0,0,0,0,0,0,0,0,0,0,0,0,0,0,8500000.03331746,0,0,0,0,0,0,0,0,0,0,0,0,0,0,0,0,17000000.06663492,0,,,,,,,,,,,,,,,,,,,,,,,,,,,,,,,,,,,,,,,,,,,,,,,,,,,,,,,,,,,,,,,,,,,,,,,,,,,,,,,,,,,,,,,,,,,,,,,,,,,,,,0,0,0,0,0,0,0,0,0,0,0,0,0,0,0,0,0,0,0,0,0,0,,,,
,,,,,,,,,,,,,,,,,,,,,,,,,,,,,,,,0,0,0,0.027720997058097815,0,0,0,0,0,0,0,0,0,0,0,0,0,0,0,0,0.05544199411619563,0,,,,,,,,,,,,,,,,,,,,,,,0,0,0,0,0,0,0,0,0,0,0,0,0,0,0,0,0,0,0,0,0,0,0,0,0,8500000.027720997,0,0,0,0,0,0,0,0,0,0,0,0,0,0,0,0,17000000.055441994,0,,,,,,,,,,,,,,,,,,,,,,,,,,,,,,,,,,,,,,,,,,,,,,,,,,,,,,,,,,,,,,,,,,,,,,,,,,,,,,,,,,,,,,,,,,,,,,,,,,,,,,0,0,0,0,0,0,0,0,0,0,0,0,0,0,0,0,0,0,0,0,0,0,,,,
,,,,,,,,,,,,,,,,,,,,,,,,,,,,,,,,0,0,0,0.03547329474284473,0,0,0,0,0,0,0,0,0,0,0,0,0,0,0,0,0.1064198842285342,0,,,,,,,,,,,,,,,,,,,,,,,0,0,0,0,0,0,0,0,0,0,0,0,0,0,0,0,0,0,0,0,0,0,0,0,0,6375000.035473295,0,0,0,0,0,0,0,0,0,0,0,0,0,0,0,0,19125000.106419884,0,,,,,,,,,,,,,,,,,,,,,,,,,,,,,,,,,,,,,,,,,,,,,,,,,,,,,,,,,,,,,,,,,,,,,,,,,,,,,,,,,,,,,,,,,,,,,,,,,,,,,,0,0,0,0,0,0,0,0,0,0,0,0,0,0,0,0,0,0,0,0,0,0,,,,
,,,,,,,,,,,,,,,,,,,,,,,,,,,,,,,,0,0,0,0.015058942651875462,0,0,0,0,0,0,0,0,0,0,0,0,0,0,0,0,0.07529471325937732,0,,,,,,,,,,,,,,,,,,,,,,,0,0,0,0,0,0,0,0,0,0,0,0,0,0,0,0,0,0,0,0,0,0,0,0,0,4250000.015058943,0,0,0,0,0,0,0,0,0,0,0,0,0,0,0,0,21250000.075294714,0,,,,,,,,,,,,,,,,,,,,,,,,,,,,,,,,,,,,,,,,,,,,,,,,,,,,,,,,,,,,,,,,,,,,,,,,,,,,,,,,,,,,,,,,,,,,,,,,,,,,,,0,0,0,0,0,0,0,0,0,0,0,0,0,0,0,0,0,0,0,0,0,0,,,,
,,,,,,,,,,,,,,,,,,,,,,,,,,,,,,,,0,0,0,0.034608677383498,0,0,0,0,0,0,0,0,0,0,0,0,0,0,0,0,0.069217354766996,0,,,,,,,,,,,,,,,,,,,,,,,0,0,0,0,0,0,0,0,0,0,0,0,0,0,0,0,0,0,0,0,0,0,0,0,0,8500000.034608677,0,0,0,0,0,0,0,0,0,0,0,0,0,0,0,0,17000000.069217354,0,,,,,,,,,,,,,,,,,,,,,,,,,,,,,,,,,,,,,,,,,,,,,,,,,,,,,,,,,,,,,,,,,,,,,,,,,,,,,,,,,,,,,,,,,,,,,,,,,,,,,,0,0,0,0,0,0,0,0,0,0,0,0,0,0,0,0,0,0,0,0,0,0,,,,
,,,,,,,,,,,,,,,,,,,,,,,,,,,,,,,,0,0,0,0.04306141433272114,0,0,0,0,0,0,0,0,0,0,0,0,0,0,0,0,0.04306141433272114,0,,,,,,,,,,,,,,,,,,,,,,,0,0,0,0,0,0,0,0,0,0,0,0,0,0,0,0,0,0,0,0,0,0,0,0,0,12750000.043061415,0,0,0,0,0,0,0,0,0,0,0,0,0,0,0,0,12750000.043061415,0,,,,,,,,,,,,,,,,,,,,,,,,,,,,,,,,,,,,,,,,,,,,,,,,,,,,,,,,,,,,,,,,,,,,,,,,,,,,,,,,,,,,,,,,,,,,,,,,,,,,,,0,0,0,0,0,0,0,0,0,0,0,0,0,0,0,0,0,0,0,0,0,0,,,,
,,,,,,,,,,,,,,,,,,,,,,,,,,,,,,,,0,0,0.021481510142922454,0.021481510142922454,0,0,0,0,0,0,0,0,0,0,0,0,0,0,0,0,0.08592604057168982,0,,,,,,,,,,,,,,,,,,,,,,,0,0,0,0,0,0,0,0,0,0,0,0,0,0,0,0,0,0,0,0,0,0,0,0,4250000.02148151,4250000.02148151,0,0,0,0,0,0,0,0,0,0,0,0,0,0,0,0,17000000.08592604,0,,,,,,,,,,,,,,,,,,,,,,,,,,,,,,,,,,,,,,,,,,,,,,,,,,,,,,,,,,,,,,,,,,,,,,,,,,,,,,,,,,,,,,,,,,,,,,,,,,,,,,0,0,0,0,0,0,0,0,0,0,0,0,0,0,0,0,0,0,0,0,0,0,,,,
,,,,,,,,,,,,,,,,,,,,,,,,,,,,,,,,0,0,0,0,0,0,0,0,0,0,0,0,0,0,0,0,0,0,0,0,0.09482969763841871,0,,,,,,,,,,,,,,,,,,,,,,,0,0,0,0,0,0,0,0,0,0,0,0,0,0,0,0,0,0,0,0,0,0,0,0,0,0,0,0,0,0,0,0,0,0,0,0,0,0,0,0,0,0,25500000.094829697,0,,,,,,,,,,,,,,,,,,,,,,,,,,,,,,,,,,,,,,,,,,,,,,,,,,,,,,,,,,,,,,,,,,,,,,,,,,,,,,,,,,,,,,,,,,,,,,,,,,,,,,0,0,0,0,0,0,0,0,0,0,0,0,0,0,0,0,0,0,0,0,0,0,,,,
,,,,,,,,,,,,,,,,,,,,,,,,,,,,,,,,0,0,0.03283746811427444,0,0,0,0,0,0,0,0,0,0,0,0,0,0,0,0,0,0.06567493622854888,0,,,,,,,,,,,,,,,,,,,,,,,0,0,0,0,0,0,0,0,0,0,0,0,0,0,0,0,0,0,0,0,0,0,0,0,8500000.032837467,0,0,0,0,0,0,0,0,0,0,0,0,0,0,0,0,0,17000000.065674935,0,,,,,,,,,,,,,,,,,,,,,,,,,,,,,,,,,,,,,,,,,,,,,,,,,,,,,,,,,,,,,,,,,,,,,,,,,,,,,,,,,,,,,,,,,,,,,,,,,,,,,,0,0,0,0,0,0,0,0,0,0,0,0,0,0,0,0,0,0,0,0,0,0,,,,
,,,,,,,,,,,,,,,,,,,,,,,,,,,,,,,,0,0,0,0,0,0,0,0,0,0,0,0,0,0,0,0,0,0,0,0,0.07036600310201667,0,,,,,,,,,,,,,,,,,,,,,,,0,0,0,0,0,0,0,0,0,0,0,0,0,0,0,0,0,0,0,0,0,0,0,0,0,0,0,0,0,0,0,0,0,0,0,0,0,0,0,0,0,0,25500000.070366003,0,,,,,,,,,,,,,,,,,,,,,,,,,,,,,,,,,,,,,,,,,,,,,,,,,,,,,,,,,,,,,,,,,,,,,,,,,,,,,,,,,,,,,,,,,,,,,,,,,,,,,,0,0,0,0,0,0,0,0,0,0,0,0,0,0,0,0,0,0,0,0,0,0,,,,
,,,,,,,,,,,,,,,,,,,,,,,,,,,,,,,,0,0,0,0,0,0,0,0,0,0,0,0,0,0,0,0,0,0,0,0,0.12485335325692026,0,,,,,,,,,,,,,,,,,,,,,,,0,0,0,0,0,0,0,0,0,0,0,0,0,0,0,0,0,0,0,0,0,0,0,0,0,0,0,0,0,0,0,0,0,0,0,0,0,0,0,0,0,0,25500000.124853354,0,,,,,,,,,,,,,,,,,,,,,,,,,,,,,,,,,,,,,,,,,,,,,,,,,,,,,,,,,,,,,,,,,,,,,,,,,,,,,,,,,,,,,,,,,,,,,,,,,,,,,,0,0,0,0,0,0,0,0,0,0,0,0,0,0,0,0,0,0,0,0,0,0,,,,
,,,,,,,,,,,,,,,,,,,,,,,,,,,,,,,,0,0,0,0,0,0,0,0,0,0,0,0,0,0,0,0,0,0,0,0,0.12862889497860006,0,,,,,,,,,,,,,,,,,,,,,,,0,0,0,0,0,0,0,0,0,0,0,0,0,0,0,0,0,0,0,0,0,0,0,0,0,0,0,0,0,0,0,0,0,0,0,0,0,0,0,0,0,0,25500000.128628895,0,,,,,,,,,,,,,,,,,,,,,,,,,,,,,,,,,,,,,,,,,,,,,,,,,,,,,,,,,,,,,,,,,,,,,,,,,,,,,,,,,,,,,,,,,,,,,,,,,,,,,,0,0,0,0,0,0,0,0,0,0,0,0,0,0,0,0,0,0,0,0,0,0,,,,
,,,,,,,,,,,,,,,,,,,,,,,,,,,,,,,,0,0,0.017193622128664807,0.017193622128664807,0,0,0,0,0,0,0,0,0,0,0,0,0,0,0,0,0.06877448851465923,0,,,,,,,,,,,,,,,,,,,,,,,0,0,0,0,0,0,0,0,0,0,0,0,0,0,0,0,0,0,0,0,0,0,0,0,4250000.017193622,4250000.017193622,0,0,0,0,0,0,0,0,0,0,0,0,0,0,0,0,17000000.068774488,0,,,,,,,,,,,,,,,,,,,,,,,,,,,,,,,,,,,,,,,,,,,,,,,,,,,,,,,,,,,,,,,,,,,,,,,,,,,,,,,,,,,,,,,,,,,,,,,,,,,,,,0,0,0,0,0,0,0,0,0,0,0,0,0,0,0,0,0,0,0,0,0,0,,,,
,,,,,,,,,,,,,,,,,,,,,,,,,,,,,,,,0,0,0,0,0,0,0,0,0,0,0,0,0,0,0,0,0,0,0,0,0.07858596027184196,0,,,,,,,,,,,,,,,,,,,,,,,0,0,0,0,0,0,0,0,0,0,0,0,0,0,0,0,0,0,0,0,0,0,0,0,0,0,0,0,0,0,0,0,0,0,0,0,0,0,0,0,0,0,25500000.07858596,0,,,,,,,,,,,,,,,,,,,,,,,,,,,,,,,,,,,,,,,,,,,,,,,,,,,,,,,,,,,,,,,,,,,,,,,,,,,,,,,,,,,,,,,,,,,,,,,,,,,,,,0,0,0,0,0,0,0,0,0,0,0,0,0,0,0,0,0,0,0,0,0,0,,,,
,,,,,,,,,,,,,,,,,,,,,,,,,,,,,,,,0,0,0,0.03070968075623017,0,0,0,0,0,0,0,0,0,0,0,0,0,0,0,0,0.06141936151246034,0,,,,,,,,,,,,,,,,,,,,,,,0,0,0,0,0,0,0,0,0,0,0,0,0,0,0,0,0,0,0,0,0,0,0,0,0,8500000.03070968,0,0,0,0,0,0,0,0,0,0,0,0,0,0,0,0,17000000.06141936,0,,,,,,,,,,,,,,,,,,,,,,,,,,,,,,,,,,,,,,,,,,,,,,,,,,,,,,,,,,,,,,,,,,,,,,,,,,,,,,,,,,,,,,,,,,,,,,,,,,,,,,0,0,0,0,0,0,0,0,0,0,0,0,0,0,0,0,0,0,0,0,0,0,,,,
,,,,,,,,,,,,,,,,,,,,,,,,,,,,,,,,0,0,0.03883495045631607,0.03883495045631607,0,0,0,0,0,0,0,0,0,0,0,0,0,0,0,0,0.03883495045631607,0,,,,,,,,,,,,,,,,,,,,,,,0,0,0,0,0,0,0,0,0,0,0,0,0,0,0,0,0,0,0,0,0,0,0,0,8500000.03883495,8500000.03883495,0,0,0,0,0,0,0,0,0,0,0,0,0,0,0,0,8500000.03883495,0,,,,,,,,,,,,,,,,,,,,,,,,,,,,,,,,,,,,,,,,,,,,,,,,,,,,,,,,,,,,,,,,,,,,,,,,,,,,,,,,,,,,,,,,,,,,,,,,,,,,,,0,0,0,0,0,0,0,0,0,0,0,0,0,0,0,0,0,0,0,0,0,0,,,,
,,,,,,,,,,,,,,,,,,,,,,,,,,,,,,,,0,0,0,0.03674498607151708,0,0,0,0,0,0,0,0,0,0,0,0,0,0,0,0,0.07348997214303415,0,,,,,,,,,,,,,,,,,,,,,,,0,0,0,0,0,0,0,0,0,0,0,0,0,0,0,0,0,0,0,0,0,0,0,0,0,8500000.036744986,0,0,0,0,0,0,0,0,0,0,0,0,0,0,0,0,17000000.07348997,0,,,,,,,,,,,,,,,,,,,,,,,,,,,,,,,,,,,,,,,,,,,,,,,,,,,,,,,,,,,,,,,,,,,,,,,,,,,,,,,,,,,,,,,,,,,,,,,,,,,,,,0,0,0,0,0,0,0,0,0,0,0,0,0,0,0,0,0,0,0,0,0,0,,,,
,,,,,,,,,,,,,,,,,,,,,,,,,,,,,,,,0,0,0,0.03005040714484048,0,0,0,0,0,0,0,0,0,0,0,0,0,0,0,0,0.06010081428968096,0,,,,,,,,,,,,,,,,,,,,,,,0,0,0,0,0,0,0,0,0,0,0,0,0,0,0,0,0,0,0,0,0,0,0,0,0,8500000.030050406,0,0,0,0,0,0,0,0,0,0,0,0,0,0,0,0,17000000.060100812,0,,,,,,,,,,,,,,,,,,,,,,,,,,,,,,,,,,,,,,,,,,,,,,,,,,,,,,,,,,,,,,,,,,,,,,,,,,,,,,,,,,,,,,,,,,,,,,,,,,,,,,0,0,0,0,0,0,0,0,0,0,0,0,0,0,0,0,0,0,0,0,0,0,,,,
,,,,,,,,,,,,,,,,,,,,,,,,,,,,,,,,0,0,0.040502103434139375,0.040502103434139375,0,0,0,0,0,0,0,0,0,0,0,0,0,0,0,0,0.040502103434139375,0,,,,,,,,,,,,,,,,,,,,,,,0,0,0,0,0,0,0,0,0,0,0,0,0,0,0,0,0,0,0,0,0,0,0,0,8500000.040502103,8500000.040502103,0,0,0,0,0,0,0,0,0,0,0,0,0,0,0,0,8500000.040502103,0,,,,,,,,,,,,,,,,,,,,,,,,,,,,,,,,,,,,,,,,,,,,,,,,,,,,,,,,,,,,,,,,,,,,,,,,,,,,,,,,,,,,,,,,,,,,,,,,,,,,,,,,,,,,,,,,,,,,,,,,,,,,,,,
,,,,,,,,,,,,,,,,,,,,,,,,,,,,,,,,0,0,0,0.03137185995886274,0,0,0,0,0,0,0,0,0,0.03137185995886274,0,0,0,0,0,0,0.06274371991772548,0,,,,,,,,,,,,,,,,,,,,,,,0,0,0,0,0,0,0,0,0,0,0,0,0,0,0,0,0,0,0,0,0,0,0,0,0,6375000.03137186,0,0,0,0,0,0,0,0,0,6375000.03137186,0,0,0,0,0,0,12750000.06274372,0,,,,,,,,,,,,,,,,,,,,,,,,,,,,,,,,,,,,,,,,,,,,,,,,,,,,,,,,,,,,,,,,,,,,,,,,,,,,,,,,,,,,,,,,,,,,,,,,,,,,,,"TOTAL
DAILY COST
RUN EXPLOSIVE","TOTAL
DAILY COST
ASSET","TOTAL
DAILY COST
'TIRTA RAJAWALI","TOTAL
DAILY COST
S: SLICKLINE UNIT","TOTAL
DAILY COST
N:
SLICKLINE (1)","TOTAL
DAILY COST
LAIN-LAIN","TOTAL
DAILY COST
SOIL BORING","TOTAL
DAILY COST
N: SLICKLINE
(2)","TOTAL
DAILY COST
DEBRIS SURVEY","TOTAL
DAILY COST
STORK
(WLI)","TOTAL
DAILY COST
-","TOTAL
DAILY COST
-","TOTAL
DAILY COST
-","TOTAL
DAILY COST
SOUTH
OSF","TOTAL
DAILY COST
NORTH
OSF","TOTAL
DAILY COST 
-","TOTAL
DAILY COST 
P_NORTH
ATTAKA","TOTAL
DAILY COST
P_NORTH
NIB","TOTAL
DAILY COST
P_NORTH
SANTAN
TERMINAL","TOTAL
DAILY COST
P_NORTH
SECURITY PATROL","TOTAL
DAILY COST
P_SOUTH","TOTAL
DAILY COST
P_SOUTH SECURITY PATROL",,,,
,,,,,,,,,,,,,,,,,,,,,,,,,,,,,,,,0,0,0,0.027239970376661735,0,0,0,0,0,0,0,0,0,0,0,0,0,0,0,0,0.05447994075332347,0,,,,,,,,,,,,,,,,,,,,,,,0,0,0,0,0,0,0,0,0,0,0,0,0,0,0,0,0,0,0,0,0,0,0,0,0,8500000.02723997,0,0,0,0,0,0,0,0,0,0,0,0,0,0,0,0,17000000.05447994,0,,,,,,,,,,,,,,,,,,,,,,,,,,,,,,,,,,,,,,,,,,,,,,,,,,,,,,,,,,,,,,,,,,,,,,,,,,,,,,,,,,,,,,,,,,,,,,,,,,,,,,0,0,0,25637700,0,0,0,0,0,0,0,0,0,0,0,0,0,0,0,0,25637700,0,,,,
,,,,,,,,,,,,,,,,,,,,,,,,,,,,,,,,0,0,0,0.022200196531108888,0,0,0,0,0,0,0,0,0,0,0,0,0,0,0,0,0.044400393062217776,0,,,,,,,,,,,,,,,,,,,,,,,0,0,0,0,0,0,0,0,0,0,0,0,0,0,0,0,0,0,0,0,0,0,0,0,0,8500000.022200197,0,0,0,0,0,0,0,0,0,0,0,0,0,0,0,0,17000000.044400394,0,,,,,,,,,,,,,,,,,,,,,,,,,,,,,,,,,,,,,,,,,,,,,,,,,,,,,,,,,,,,,,,,,,,,,,,,,,,,,,,,,,,,,,,,,,,,,,,,,,,,,,0,0,0,16903383.333333336,0,0,0,0,0,0,0,0,0,0,0,0,0,0,0,0,33806766.66666667,0,,,,
,,,,,,,,,,,,,,,,,,,,,,,,,,,,,,,,0,0,0.04070036030703296,0.04070036030703296,0,0,0,0,0,0,0,0,0,0,0,0,0,0,0,0,0.04070036030703296,0,,,,,,,,,,,,,,,,,,,,,,,0,0,0,0,0,0,0,0,0,0,0,0,0,0,0,0,0,0,0,0,0,0,0,0,8500000.040700361,8500000.040700361,0,0,0,0,0,0,0,0,0,0,0,0,0,0,0,0,8500000.040700361,0,,,,,,,,,,,,,,,,,,,,,,,,,,,,,,,,,,,,,,,,,,,,,,,,,,,,,,,,,,,,,,,,,,,,,,,,,,,,,,,,,,,,,,,,,,,,,,,,,,,,,,0,0,0,15885933.333333332,0,0,0,0,0,0,0,0,0,0,0,0,0,0,0,0,31771866.666666664,0,,,,
,,,,,,,,,,,,,,,,,,,,,,,,,,,,,,,,0,0,0,0,0,0,0,0,0,0,0,0,0,0,0,0,0,0,0,0,0,0,,,,,,,,,,,,,,,,,,,,,,,0,0,0,0,0,0,0,0,0,0,0,0,0,0,0,0,0,0,0,0,0,0,0,0,0,0,0,0,0,0,0,0,0,0,0,0,0,0,0,0,0,0,0,0,,,,,,,,,,,,,,,,,,,,,,,,,,,,,,,,,,,,,,,,,,,,,,,,,,,,,,,,,,,,,,,,,,,,,,,,,,,,,,,,,,,,,,,,,,,,,,,,,,,,,,0,0,0,8282116.666666666,0,0,0,0,0,0,0,0,0,0,0,0,0,0,0,0,41410583.33333333,0,,,,
,,,,,,,,,,,,,,,,,,,,,,,,,,,,,,,,0,0,0.19155001458335008,0.7553732532936539,0,0,0,0,0,0,0,0,0,0.03137185995886274,0,0,0,0,0,0,2.0647195204052258,0,,,,,,,,,,,,,,,,,,,,,,,0,0,0,0,0,0,0,0,0,0,0,0,0,0,0,0,0,0,0,0,0,0,0,0,42500000.19155001,191250000.75537324,0,0,0,0,0,0,0,0,0,6375000.03137186,0,0,0,0,0,0,524875002.0647196,0,,,,,,,,,,,,,,,,,,,,,,,,,,,,,,,,,,,,,,,,,,,,,,,,,,,,,,,,,,,,,,,,,,,,,,,,,,,,,,,,,,,,,,,,,,,,,,,,,,,,,,0,0,0,15342216.666666668,0,0,0,0,0,0,0,0,0,0,0,0,0,0,0,0,30684433.333333336,0,,,,
,,,,,,,,,,,,,,,,,,,,,,,,,,,,,,,,,,,,,,,,,,,,,,,,,,,,,,,,,,,,,,,,,,,,,,,,,,,,,,,,,,,,,,,,,,,,,,,,,,,,,,,,,,,,,,,,,,,,,,,,,,,,,,,,,,,,,,,,,,,,,,,,,,,,,,,,,,,,,,,,,,,,,,,,,,,,,,,,,,,,,,,,,,,,,,,,,,,,,,,,,,,,,,,,,,,,,,,,,,,,,0,0,0,17980050,0,0,0,0,0,0,0,0,0,0,0,0,0,0,0,0,35960100,0,,,,
,,,,,,,,,,,,,,,,,,,,,,,,,,,,,,,,,,,,,,,,,,,,,,,,,,,,,,,,,,,,,,,,,,,,,,,,,,,,,,,,,,,,,,,,,,,,,,,,,,,,,,,,,,,,,,,,,,,,,,,,,,,,,,,,,,,,,,,,,,,,,,,,,,,,,,,,,,,,,,,,,,,,,,,,,,,,,,,,,,,,,,,,,,,,,,,,,,,,,,,,,,,,,,,,,,,,,,,,,,,,,0,0,0,15789033.333333332,0,0,0,0,0,0,0,0,0,0,0,0,0,0,0,0,31578066.666666664,0,,,,
,,,,,,,,,,,,,,,,,,,,,,,,,,,,,,,,,,,,,,,,,,,,,,,,,,,,Fuel ,3.0430146482410922,,,,,,,,,,,,,,,,,,,,,,,,,,,,,,,,,,,,,,,,,,Mob/Demob ,,0,,,,,,,,,,,,,,,,,,,,,Total:,765000003.0430148,,,,,,,,,,,,,,,,,,,,,,,,,,,,,,,,,,,,,,,,,,,,,,,,,,,,,,,,,,,,,,,,,,,,,,,,,,,,,,,,,,,,,,,,,,,,,,,,,,,,,,0,0,0,16736500,0,0,0,0,0,0,0,0,0,0,0,0,0,0,0,0,33473000,0,,,,
,,,,,,,,,,,,,,,,,,,,,,,,,,,,,,,,,,,,,,,,,,,,,,,,,,,,,,,,,,,,,,,,,,,,,,,,,,,,,,,,,,,,,,,,,,,,,,,,,,,,,,,,,,,,,,,,,,,,,,,,,,,,,,,,,,,,,,,,,,,,,,,,,,,,,,,,,,,,,,,,,,,,,,,,,,,,,,,,,,,,,,,,,,,,,,,,,,,,,,,,,,,,,,,,,,,,,,,,,,,,,0,0,0,15352983.333333332,0,0,0,0,0,0,0,0,0,0,0,0,0,0,0,0,30705966.666666664,0,,,,
,,,,,,,,,,,,,,,,,,,,,,,,,,,,,,,,,,,,,,,,,,,,,,,,,,,,,,,,,,,,,,,,,,,,,,,,,,,,,,,,,,,,,,,,,,,,,,,,,,,,,,,,,,,,,,,,,,,,,,,,,,,,,,,,,,,,,,,,,,,,,,,,,,,,,,,,,,,,,,,,,,,,,,,,,,,,,,,,,,,,,,,,,,,,,,,,,,,,,,,,,,,,,,,,,,,,,,,,,,,,,0,0,0,15144450,0,0,0,0,0,0,0,0,0,0,0,0,0,0,0,0,45433350,0,,,,
,,,,,,,,,,,,,,,,,,,,,,,,,,,,,,,,,,,,,,,,,,,,,,,,,,,,,,,,,,,,,,,,,,,,,,,,,,,,,,,,,,,,,,,,,,,,,,,,,,,,,,,,,,,,,,,,,,,,,,,,,,,,,,,,,,,,,,,,,,,,,,,,,,,,,,,,,,,,,,,,,,,,,,,,,,,,,,,,,,,,,,,,,,,,,,,,,,,,,,,,,,,,,,,,,,,,,,,,,,,,,0,0,0,7986033.333333334,0,0,0,0,0,0,0,0,0,0,0,0,0,0,0,0,39930166.66666667,0,,,,
,,,,,,,,,,,,,,,,,,,,,,,,,,,,,,,,,,,,,,,,,,,,,,,,,,,,,,,,,,,,,,,,,,,,,,,,,,,,,,,,,,,,,,,,,,,,,,,,,,,,,,,,,,,,,,,,,,,,,,,,,,,,,,,,,,,,,,,,,,,,,,,,,,,,,,,,,,,,,,,,,,,,,,,,,,,,,,,,,,,,,,,,,,,,,,,,,,,,,,,,,,,,,,,,,,,,,,,,,,,,,0,0,0,17102566.666666664,0,0,0,0,0,0,0,0,0,0,0,0,0,0,0,0,34205133.33333333,0,,,,
,,,,,,,,,,,,,,,,,,,,,,,,,,,,,,,,,,,,,,,,,,,,,,,,,,,,,,,,,,,,,,,,,,,,,,,,,,,,,,,,,,,,,,,,,,,,,,,,,,,,,,,,,,,,,,,,,,,,,,,,,,,,,,,,,,,,,,,,,,,,,,,,,,,,,,,,,,,,,,,,,,,,,,,,,,,,,,,,,,,,,,,,,,,,,,,,,,,,,,,,,,,,,,,,,,,,,,,,,,,,,0,0,0,23554350,0,0,0,0,0,0,0,0,0,0,0,0,0,0,0,0,23554350,0,,,,
,,,,,,,,,,,,,,,,,,,,,,,,,,,,,,,,,,,,,,,,,,,,,,,,,,,,,,,,,,,,,,,,,,,,,,,,,,,,,,,,,,,,,,,,,,,,,,,,,,,,,,,,,,,,,,,,,,,,,,,,,,,,,,,,,,,,,,,,,,,,,,,,,,,,,,,,,,,,,,,,,,,,,,,,,,,,,,,,,,,,,,,,,,,,,,,,,,,,,,,,,,,,,,,,,,,,,,,,,,,,,0,0,9590266.666666668,9590266.666666668,0,0,0,0,0,0,0,0,0,0,0,0,0,0,0,0,38361066.66666667,0,,,,
,,,,,,,,,,,,,,,,,,,,,,,,,,,,,,,,,,,,,,,,,,,,,,,,,,,,,,,,,,,,,,,,,,,,,,,,,,,,,,,,,,,,,,,,,,,,,,,,,,,,,,,,,,,,,,,,,,,,,,,,,,,,,,,,,,,,,,,,,,,,,,,,,,,,,,,,,,,,,,,,,,,,,,,,,,,,,,,,,,,,,,,,,,,,,,,,,,,,,,,,,,,,,,,,,,,,,,,,,,,,,0,0,0,0,0,0,0,0,0,0,0,0,0,0,0,0,0,0,0,0,48788300,0,,,,
,,,,,,,,,,,,,,,,,,,,,,,,,,,,,,,,,,,,,,,,,,,,,,,,,,,,,,,,,,,,,,,,,,,,,,,,,,,,,,,,,,,,,,,,,,,,,,,,,,,,,,,,,,,,,,,,,,,,,,,,,,,,,,,,,,,,,,,,,,,,,,,,,,,,,,,,,,,,,,,,,,,,,,,,,,,,,,,,,,,,,,,,,,,,,,,,,,,,,,,,,,,,,,,,,,,,,,,,,,,,,0,0,16564233.333333332,0,0,0,0,0,0,0,0,0,0,0,0,0,0,0,0,0,33128466.666666664,0,,,,
,,,,,,,,,,,,,,,,,,,,,,,,,,,,,,,,,,,,,,,,,,,,,,,,,,,,,,,,,,,,,,,,,,,,,,,,,,,,,,,,,,,,,,,,,,,,,,,,,,,,,,,,,,,,,,,,,,,,,,,,,,,,,,,,,,,,,,,,,,,,,,,,,,,,,,,,,,,,,,,,,,,,,,,,,,,,,,,,,,,,,,,,,,,,,,,,,,,,,,,,,,,,,,,,,,,,,,,,,,,,,0,0,0,0,0,0,0,0,0,0,0,0,0,0,0,0,0,0,0,0,42780500,0,,,,
,,,,,,,,,,,,,,,,,,,,,,,,,,,,,,,,,,,,,,,,,,,,,,,,,,,,,,,,,,,,,,,,,,,,,,,,,,,,,,,,,,,,,,,,,,,,,,,,,,,,,,,,,,,,,,,,,,,,,,,,,,,,,,,,,,,,,,,,,,,,,,,,,,,,,,,,,,,,,,,,,,,,,,,,,,,,,,,,,,,,,,,,,,,,,,,,,,,,,,,,,,,,,,,,,,,,,,,,,,,,,0,0,0,0,0,0,0,0,0,0,0,0,0,0,0,0,0,0,0,0,56185000,0,,,,
,,,,,,,,,,,,,,,,,,,,,,,,,,,,,,,,,,,,,,,,,,,,,,,,,,,,,,,,,,,,,,,,,,,,,,,,,,,,,,,,,,,,,,,,,,,,,,,,,,,,,,,,,,,,,,,,,,,,,,,,,,,,,,,,,,,,,,,,,,,,,,,,,,,,,,,,,,,,,,,,,,,,,,,,,,,,,,,,,,,,,,,,,,,,,,,,,,,,,,,,,,,,,,,,,,,,,,,,,,,,,0,0,0,0,0,0,0,0,0,0,0,0,0,0,0,0,0,0,0,0,57493150,0,,,,
,,,,,,,,,,,,,,,,,,,,,,,,,,,,,,,,,,,,,,,,,,,,,,,,,,,,,,,,,,,,,,,,,,,,,,,,,,,,,,,,,,,,,,,,,,,,,,,,,,,,,,,,,,,,,,,,,,,,,,,,,,,,,,,,,,,,,,,,,,,,,,,,,,,,,,,,,,,,,,,,,,,,,,,,,,,,,,,,,,,,,,,,,,,,,,,,,,,,,,,,,,,,,,,,,,,,,,,,,,,,,0,0,8532441.666666668,8532441.666666668,0,0,0,0,0,0,0,0,0,0,0,0,0,0,0,0,34129766.66666667,0,,,,
,,,,,,,,,,,,,,,,,,,,,,,,,,,,,,,,,,,,,,,,,,,,,,,,,,,,,,,,,,,,,,,,,,,,,,,,,,,,,,,,,,,,,,,,,,,,,,,,,,,,,,,,,,,,,,,,,,,,,,,,,,,,,,,,,,,,,,,,,,,,,,,,,,,,,,,,,,,,,,,,,,,,,,,,,,,,,,,,,,,,,,,,,,,,,,,,,,,,,,,,,,,,,,,,,,,,,,,,,,,,,0,0,0,0,0,0,0,0,0,0,0,0,0,0,0,0,0,0,0,0,45299900,0,,,,
,,,,,,,,,,,,,,,,,,,,,,,,,,,,,,,,,,,,,,,,,,,,,,,,,,,,,,,,,,,,,,,,,,,,,,,,,,,,,,,,,,,,,,,,,,,,,,,,,,,,,,,,,,,,,,,,,,,,,,,,,,,,,,,,,,,,,,,,,,,,,,,,,,,,,,,,,,,,,,,,,,,,,,,,,,,,,,,,,,,,,,,,,,,,,,,,,,,,,,,,,,,,,,,,,,,,,,,,,,,,,0,0,0,16252000,0,0,0,0,0,0,0,0,0,0,0,0,0,0,0,0,32504000,0,,,,
,,,,,,,,,,,,,,,,,,,,,,,,,,,,,,,,,,,,,,,,,,,,,,,,,,,,,,,,,,,,,,,,,,,,,,,,,,,,,,,,,,,,,,,,,,,,,,,,,,,,,,,,,,,,,,,,,,,,,,,,,,,,,,,,,,,,,,,,,,,,,,,,,,,,,,,,,,,,,,,,,,,,,,,,,,,,,,,,,,,,,,,,,,,,,,,,,,,,,,,,,,,,,,,,,,,,,,,,,,,,,0,0,18303050,18303050,0,0,0,0,0,0,0,0,0,0,0,0,0,0,0,0,18303050,0,,,,
,,,,,,,,,,,,,,,,,,,,,,,,,,,,,,,,,,,,,,,,,,,,,,,,,,,,,,,,,,,,,,,,,,,,,,,,,,,,,,,,,,,,,,,,,,,,,,,,,,,,,,,,,,,,,,,,,,,,,,,,,,,,,,,,,,,,,,,,,,,,,,,,,,,,,,,,,,,,,,,,,,,,,,,,,,,,,,,,,,,,,,,,,,,,,,,,,,,,,,,,,,,,,,,,,,,,,,,,,,,,,0,0,0,17775483.333333336,0,0,0,0,0,0,0,0,0,0,0,0,0,0,0,0,35550966.66666667,0,,,,
,,,,,,,,,,,,,,,,,,,,,,,,,,,,,,,,,,,,,,,,,,,,,,,,,,,,,,,,,,,,,,,,,,,,,,,,,,,,,,,,,,,,,,,,,,,,,,,,,,,,,,,,,,,,,,,,,,,,,,,,,,,,,,,,,,,,,,,,,,,,,,,,,,,,,,,,,,,,,,,,,,,,,,,,,,,,,,,,,,,,,,,,,,,,,,,,,,,,,,,,,,,,,,,,,,,,,,,,,,,,,0,0,0,16047433.333333332,0,0,0,0,0,0,0,0,0,0,0,0,0,0,0,0,32094866.666666664,0,,,,
,,,,,,,,,,,,,,,,,,,,,,,,,,,,,,,,,,,,,,,,,,,,,,,,,,,,,,,,,,,,,,,,,,,,,,,,,,,,,,,,,,,,,,,,,,,,,,,,,,,,,,,,,,,,,,,,,,,,,,,,,,,,,,,,,,,,,,,,,,,,,,,,,,,,,,,,,,,,,,,,,,,,,,,,,,,,,,,,,,,,,,,,,,,,,,,,,,,,,,,,,,,,,,,,,,,,,,,,,,,,,0,0,18631433.333333336,18631433.333333336,0,0,0,0,0,0,0,0,0,0,0,0,0,0,0,0,18631433.333333336,0,,,,
,,,,,,,,,,,,,,,,,,,,,,,,,,,,,,,,,,,,,,,,,,,,,,,,,,,,,,,,,,,,,,,,,,,,,,,,,,,,,,,,,,,,,,,,,,,,,,,,,,,,,,,,,,,,,,,,,,,,,,,,,,,,,,,,,,,,,,,,,,,,,,,,,,,,,,,,,,,,,,,,,,,,,,,,,,,,,,,,,,,,,,,,,,,,,,,,,,,,,,,,,,,,,,,,,,,,,,,,,,,,,0,0,0,14264275,0,0,0,0,0,0,0,0,0,14264275,0,0,0,0,0,0,28528550,0,,,,
,,,,,,,,,,,,,,,,,,,,,,,,,,,,,,,,,,,,,,,,,,,,,,,,,,,,,,,,,,,,,,,,,,,,,,,,,,,,,,,,,,,,,,,,,,,,,,,,,,,,,,,,,,,,,,,,,,,,,,,,,,,,,,,,,,,,,,,,,,,,,,,,,,,,,,,,,,,,,,,,,,,,,,,,,,,,,,,,,,,,,,,,,,,,,,,,,,,,,,,,,,,,,,,,,,,,,,,,,,,,,0,0,0,15422966.666666668,0,0,0,0,0,0,0,0,0,0,0,0,0,0,0,0,30845933.333333336,0,,,,
,,,,,,,,,,,,,,,,,,,,,,,,,,,,,,,,,,,,,,,,,,,,,,,,,,,,,,,,,,,,,,,,,,,,,,,,,,,,,,,,,,,,,,,,,,,,,,,,,,,,,,,,,,,,,,,,,,,,,,,,,,,,,,,,,,,,,,,,,,,,,,,,,,,,,,,,,,,,,,,,,,,,,,,,,,,,,,,,,,,,,,,,,,,,,,,,,,,,,,,,,,,,,,,,,,,,,,,,,,,,,0,0,0,14120200,0,0,0,0,0,0,0,0,0,0,0,0,0,0,0,0,28240400,0,,,,
,,,,,,,,,,,,,,,,,,,,,,,,,,,,,,,,,,,,,,,,,,,,,,,,,,,,,,,,,,,,,,,,,,,,,,,,,,,,,,,,,,,,,,,,,,,,,,,,,,,,,,,,,,,,,,,,,,,,,,,,,,,,,,,,,,,,,,,,,,,,,,,,,,,,,,,,,,,,,,,,,,,,,,,,,,,,,,,,,,,,,,,,,,,,,,,,,,,,,,,,,,,,,,,,,,,,,,,,,,,,,0,0,18803700,18803700,0,0,0,0,0,0,0,0,0,0,0,0,0,0,0,0,18803700,0,,,,
,,,,,,,,,,,,,,,,,,,,,,,,,,,,,,,,,,,,,,,,,,,,,,,,,,,,,,,,,,,,,,,,,,,,,,,,,,,,,,,,,,,,,,,,,,,,,,,,,,,,,,,,,,,,,,,,,,,,,,,,,,,,,,,,,,,,,,,,,,,,,,,,,,,,,,,,,,,,,,,,,,,,,,,,,,,,,,,,,,,,,,,,,,,,,,,,,,,,,,,,,,,,,,,,,,,,,,,,,,,,,0,0,0,0,0,0,0,0,0,0,0,0,0,0,0,0,0,0,0,0,0,0,,,,
