,,,,,Daily AHTS Boat Cost,,,,,,,,,,,,,,,,,,,,,,,,,,,,,,,,,,,,,,,,,,,,,,,,,,,,Daily AHTS Boat Cost,,,,,,,,,,,,,,,,,,,,,,,,,,,,,,,,,,,,,,,,,,,,,,,,,,,,,,,,,,,,,,,,,,,,,,,,,,,,,,,,,,,,,,,,,,,,,,,,,,,,,,,,,,,,,,,,,,,,,,,,,,,,,,,,,,,,,,,,,,,,,,,,,,,,,,,,,,,,,,,,,,,,,,,Daily AHTS Boat Cost,,,,,,,,,,,,,,,,,,,,,,
,, , , , ,,,,,,,,,,,,,,,,,,,,,,,,,,,,,,,,,,,,,,,,,,,,,,,,,,, , , ,,,,,,,,,,,,,,,Mob / Demob Cost:,,,,,,,,,,,,,,,,,,,,,,,,,,,,,,,,,,,,,,,,,,,,,,,,,,,,,,,,,,,,,,,,,,,,,,,,,,,,,,,,,,,,,,,,,,,,,,,,,,,,,,,,,,,,,,,,,,,,,,,,,,,,,,,,,,,,,,,,,,,,,,,,,,,,,, , , ,,,,,,,,,,,,,,,Mob / Demob Cost:,,,,,,
 Month:,,25 Nov - 24 Dec 2025,,,,,,,,,,,,,,,,,,,,,,,,,,,,,,25 Nov - 24 Dec 2025,,,,,,,,,,,,,,,,,,,,,,25 Nov - 24 Dec 2025,,,,,,,,,,,,,,,,,,,Charter Rate per Day:,53700000,,,,,,,,,,,,,,,,,,,,,,,,,,,,,,,,,,,,,,,,,,,,,,,,,,,,,,,,,,,,,,,,,,,,,,,,,,,,,,,,,,,,,,,,,,,,,,,,,,,,,,,,,,,,,,,,,,,,,,,,,,,,,,,,,,,,,,,,,,,,,,,,,,,25 Nov - 24 Dec 2025,,,,,,,,,,,,,,,,,,,Charter Rate per Day:,53700000,,,,,
 Boat Name:,,AHTS Temasek Sepinggan,,,,,,,,,,,,,,,,,,,,,,,,,,,,,,AHTS Temasek Sepinggan,,,,,,,,,,,,,,,,,,,,,,AHTS Temasek Sepinggan,,,,,,,,,,,,,,,,,,,,,,,,,,,,,,,,,,,,,,,,,,,,,,,,,,,,,,,,,,,,,,,,,,,,,Charter Period,,,,,,,,,,,,,,,,,,,,,,,,,,,,,,,,,,,,,,,,,,,,,,,,,,,,,,,,,,,,,,,,,,,,,,,,,,,,,,,,,,,,,,,,,,,,,,,,,,AHTS Temasek Sepinggan,,,,,,,,,,,,,,,,,,,,,,,,,
 Boat Owner:,,PT Cindara Pratama Line,,,,,,,,,,,,,,,,,,,,,,,,,,,,,,PT Cindara Pratama Line,,,,,,,,,,,,,,,,,,,,,,PT Cindara Pratama Line,,,,,,,,,,,,,,,,,,,,,,,,,,,,,,,,,,,,,,,,,,,,,,,,,,,,,,,,,,,,,,,,,,,,,730,,WORKING DISTANCE,,,,,,,,,,,,,,,,,,,,,,,,NUMBER OF ACTIVE RIGS,,,,,,,,,,,,,,,,,,,,,,,,BOAT HOURS,,,,,,,,,,,,,,,,,,,,,,,,ACTIVE HOURS,,,,,,,,,,,,,,,,,,,,,,,,PT Cindara Pratama Line,,,,,,,,,,,,,,,,,,,,,,,,,
DATE,DAY,STANDBY TIME,"LOAD/
DISCH.
IN PORT","STEAMING
TIME","TIME AT RIG
RUN EXPLOSIVE","TIME AT RIG
ASSET","TIME AT RIG
'TIRTA RAJAWALI","TIME AT RIG
S: SLICKLINE UNIT","TIME AT RIG
N: SLICKLINE (1)","TIME AT RIG
LAIN-LAIN","TIME AT RIG
SOIL BORING","TIME AT RIG
N: SLICKLINE
(2)","TIME AT RIG
DEBRIS SURVEY","TIME AT RIG
STORK
(WLI)","TIME AT RIG
-","TIME AT RIG
-","TIME AT RIG
-","TIME AT
SOUTH
OSF","TIME AT
NORTH
OSF","TIME AT PF
-","TIME AT PF
P_NORTH
ATTAKA","TIME AT PF
P_NORTH
NIB","TIME AT PF
P_NORTH
SANTAN
TERMINAL","TIME AT PF
P_NORTH
SECURITY PATROL","TIME AT PF
P_SOUTH","TIME AT PF
P_SOUTH SECURITY PATROL","DOWN
TIME","TOTAL
HOURS
PER DAY","24-HR FUEL
CONSUMED
LITERS","TOTAL
DAILY
FUEL COST","TOTAL
DAILY
COST","DAILY
FUEL
RUN EXPLOSIVE","DAILY
FUEL
ASSET","DAILY
FUEL
'TIRTA RAJAWALI","DAILY
FUEL 
S: SLICKLINE UNIT","DAILY
FUEL
N: SLICKLINE (1)","DAILY
FUEL
LAIN-LAIN","DAILY
FUEL
SOIL BORING","DAILY
FUEL
N: SLICKLINE
(2)","DAILY
FUEL
DEBRIS SURVEY","DAILY
FUEL
STORK
(WLI)","DAILY
FUEL
-","DAILY
FUEL
-","DAILY
FUEL
-","DAILY FUEL
SOUTH
OSF","DAILY FUEL
NORTH
OSF","DAILY FUEL  
-","DAILY FUEL 
P_NORTH
ATTAKA","DAILY FUEL
P_NORTH
NIB","DAILY FUEL
P_NORTH
SANTAN
TERMINAL","DAILY FUEL
P_NORTH
SECURITY PATROL","DAILY FUEL
P_SOUTH","DAILY FUEL
P_SOUTH SECURITY PATROL","DAILY
HIRE RATE
RUN EXPLOSIVE","DAILY
HIRE RATE
ASSET","DAILY
HIRE RATE
'TIRTA RAJAWALI","DAILY
HIRE RATE
S: SLICKLINE UNIT","DAILY
HIRE RATE
N: SLICKLINE (1)","DAILY
HIRE RATE
LAIN-LAIN","DAILY
HIRE RATE
SOIL BORING","DAILY
HIRE RATE
N: SLICKLINE
(2)","DAILY
HIRE RATE
DEBRIS SURVEY","DAILY
HIRE RATE
STORK
(WLI)","DAILY
HIRE RATE
-","DAILY
HIRE RATE
-","DAILY
HIRE RATE
-","DAILY HIRE RATE
SOUTH
OSF","DAILY HIRE RATE
NORTH
OSF","DAILY HIRE RATE
-","DAILY HIRE RATE 
P_NORTH
ATTAKA","DAILY HIRE RATE
P_NORTH
NIB","DAILY HIRE RATE
P_NORTH
SANTAN
TERMINAL","DAILY HIRE RATE
P_NORTH
SECURITY PATROL","DAILY HIRE RATE
P_SOUTH","DAILY HIRE RATE
P_SOUTH SECURITY PATROL","MOB/
DEMOB
RUN EXPLOSIVE","MOB/
DEMOB
ASSET","MOB/
DEMOB
'TIRTA RAJAWALI","MOB/
DEMOB
S: SLICKLINE UNIT","MOB/
DEMOB
N: SLICKLINE (1)","MOB/
DEMOB
LAIN-LAIN","MOB/
DEMOB
SOIL BORING","MOB/
DEMOB
N: SLICKLINE
(2)","MOB/
DEMOB
DEBRIS SURVEY","MOB/
DEMOB
STORK
(WLI)","MOB/
DEMOB
-","MOB/
DEMOB
-","MOB/
DEMOB
-","MOB/DEMOB
SOUTH
OSF","MOB/DEMOB
NORTH
OSF","MOB/DEMOB 
-","MOB/DEMOB 
P_NORTH
ATTAKA","MOB/DEMOB
P_NORTH
NIB","MOB/DEMOB
P_NORTH
SANTAN
TERMINAL","MOB/DEMOB
P_NORTH
SECURITY PATROL","MOB/DEMOB
P_SOUTH","MOB/DEMOB
P_SOUTH SECURITY PATROL","TOTAL
DAILY COST
RUN EXPLOSIVE","TOTAL
DAILY COST
ASSET","TOTAL
DAILY COST
'TIRTA RAJAWALI","TOTAL
DAILY COST
S: SLICKLINE UNIT","TOTAL
DAILY COST
N:
SLICKLINE (1)","TOTAL
DAILY COST
LAIN-LAIN","TOTAL
DAILY COST
SOIL BORING","TOTAL
DAILY COST
N: SLICKLINE
(2)","TOTAL
DAILY COST
DEBRIS SURVEY","TOTAL
DAILY COST
STORK
(WLI)","TOTAL
DAILY COST
-","TOTAL
DAILY COST
-","TOTAL
DAILY COST
-","TOTAL
DAILY COST
SOUTH
OSF","TOTAL
DAILY COST
NORTH
OSF","TOTAL
DAILY COST 
-","TOTAL
DAILY COST 
P_NORTH
ATTAKA","TOTAL
DAILY COST
P_NORTH
NIB","TOTAL
DAILY COST
P_NORTH
SANTAN
TERMINAL","TOTAL
DAILY COST
P_NORTH
SECURITY PATROL","TOTAL
DAILY COST
P_SOUTH","TOTAL
DAILY COST
P_SOUTH SECURITY PATROL",,Daily Rate,Fuel Price,Prorated Mob/Demob,Number of Active Rig,RUN EXPLOSIVE,ASSET,TIRTA RAJAWALI,S: SLICKLINE UNIT,N: SLICKLINE (1),LAIN-LAIN,SOIL BORING,"N: SLICKLINE
(2)",DEBRIS SURVEY,"STORK
(WLI)",-,-,-,"SOUTH
OSF","NORTH
OSF",-," P_NORTH
ATTAKA","P_NORTH
NIB","P_NORTH
SANTAN
TERMINAL","P_NORTH
SECURITY PATROL",P_SOUTH,P_SOUTH SECURITY PATROL,"Total
Distance",,RUN EXPLOSIVE,ASSET,TIRTA RAJAWALI,S: SLICKLINE UNIT,N: SLICKLINE (1),LAIN-LAIN,SOIL BORING,"N: SLICKLINE
(2)",DEBRIS SURVEY,"STORK
(WLI)",-,-,-,"SOUTH
OSF","NORTH
OSF",-," P_NORTH
ATTAKA","P_NORTH
NIB","P_NORTH
SANTAN
TERMINAL","P_NORTH
SECURITY PATROL",P_SOUTH,P_SOUTH SECURITY PATROL,Total Rigs,,RUN EXPLOSIVE,ASSET,TIRTA RAJAWALI,S: SLICKLINE UNIT,N: SLICKLINE (1),LAIN-LAIN,SOIL BORING,"N: SLICKLINE
(2)",DEBRIS SURVEY,"STORK
(WLI)",-,-,-,"SOUTH
OSF","NORTH
OSF",-," P_NORTH
ATTAKA","P_NORTH
NIB","P_NORTH
SANTAN
TERMINAL","P_NORTH
SECURITY PATROL",P_SOUTH,P_SOUTH SECURITY PATROL,"Total
Hours",,RUN EXPLOSIVE,ASSET,TIRTA RAJAWALI,S: SLICKLINE UNIT,N: SLICKLINE (1),LAIN-LAIN,SOIL BORING,"N: SLICKLINE
(2)",DEBRIS SURVEY,"STORK
(WLI)",-,-,-,"SOUTH
OSF","NORTH
OSF",-," P_NORTH
ATTAKA","P_NORTH
NIB","P_NORTH
SANTAN
TERMINAL","P_NORTH
SECURITY PATROL",P_SOUTH,P_SOUTH SECURITY PATROL,"Active
Hrs/Day",,"DAILY
HIRE RATE
RUN EXPLOSIVE","DAILY
HIRE RATE
ASSET","DAILY
HIRE RATE
'TIRTA RAJAWALI","DAILY
HIRE RATE
S: SLICKLINE UNIT","DAILY
HIRE RATE
N: SLICKLINE (1)","DAILY
HIRE RATE
LAIN-LAIN","DAILY
HIRE RATE
SOIL BORING","DAILY
HIRE RATE
N: SLICKLINE
(2)","DAILY
HIRE RATE
DEBRIS SURVEY","DAILY
HIRE RATE
STORK
(WLI)","DAILY
HIRE RATE
-","DAILY
HIRE RATE
-","DAILY
HIRE RATE
-","DAILY HIRE RATE
SOUTH
OSF","DAILY HIRE RATE
NORTH
OSF","DAILY HIRE RATE
-","DAILY HIRE RATE 
P_NORTH
ATTAKA","DAILY HIRE RATE
P_NORTH
NIB","DAILY HIRE RATE
P_NORTH
SANTAN
TERMINAL","DAILY HIRE RATE
P_NORTH
SECURITY PATROL","DAILY HIRE RATE
P_SOUTH","DAILY HIRE RATE
P_SOUTH SECURITY PATROL",,Daily Rate,Exchange Rate USD to IDR,Pertamina Fuel Price
2025-11-25 00:00:00,1,,,15.5,,,,,,,,,,,,,,,8.5,,,,,,,,0,24,8358,8636.617825836585,12072.538230213066,0,0,0,0,0,0,0,0,0,0,0,0,0,0,8636.617825836585,0,0,0,0,0,0,0,0,0,0,0,0,0,0,0,0,0,0,0,0,0,3435.92040437648,0,0,0,0,0,0,0,0,0,0,0,0,0,0,0,0,0,0,0,0,0,0,0,0,0,0,0,0,0,0,0,0,0,0,0,0,0,0,0,0,0,0,0,12072.538230213066,0,0,0,0,0,0,0,,3435.92040437648,1.033335466120673,0,1,0,0,0,0,0,0,0,0,0,0,0,0,0,0,125,0,0,0,0,0,0,0,125,,0,0,0,0,0,0,0,0,0,0,0,0,0,0,0,0,0,0,0,0,0,0,0,,0,0,0,0,0,0,0,0,0,0,0,0,0,0,24,0,0,0,0,0,0,0,24,,0,0,0,0,0,0,0,0,0,0,0,0,0,0,24,0,0,0,0,0,0,0,24,,0,0,0,0,0,0,0,0,0,0,0,0,0,0,53700000,0,0,0,0,0,0,0,,53700000,15629,16150
2025-11-26 00:00:00,1,,,16.4,,,,,,,,,,,,,,,7.6,,,,,,,,0,24,8010,8277.017083626592,11712.937488003072,0,0,0,0,0,0,0,0,0,0,0,0,0,0,8277.017083626592,0,0,0,0,0,0,0,0,0,0,0,0,0,0,0,0,0,0,0,0,0,3435.92040437648,0,0,0,0,0,0,0,0,0,0,0,0,0,0,0,0,0,0,0,0,0,0,0,0,0,0,0,0,0,0,0,0,0,0,0,0,0,0,0,0,0,0,0,11712.937488003072,0,0,0,0,0,0,0,,3435.92040437648,1.033335466120673,0,1,0,0,0,0,0,0,0,0,0,0,0,0,0,0,125,0,0,0,0,0,0,0,125,,0,0,0,0,0,0,0,0,0,0,0,0,0,0,0,0,0,0,0,0,0,0,0,,0,0,0,0,0,0,0,0,0,0,0,0,0,0,24,0,0,0,0,0,0,0,24,,0,0,0,0,0,0,0,0,0,0,0,0,0,0,24,0,0,0,0,0,0,0,24,,0,0,0,0,0,0,0,0,0,0,0,0,0,0,53700000,0,0,0,0,0,0,0,,53700000,15629,16150
2025-11-27 00:00:00,1,,,,,,,,,,,,,,,,,,14.3,,,,9.7,,,,0,24,6552,6770.41397402265,10206.33437839913,0,0,0,0,0,0,0,0,0,0,0,0,0,0,4034.0383261884963,0,0,0,2736.3756478341543,0,0,0,0,0,0,0,0,0,0,0,0,0,0,0,0,0,2047.2359076076527,0,0,0,1388.6844967688273,0,0,0,0,0,0,0,0,0,0,0,0,0,0,0,0,0,0,0,0,0,0,0,0,0,0,0,0,0,0,0,0,0,0,0,0,0,0,0,6081.274233796149,0,0,0,4125.060144602981,0,0,0,,3435.92040437648,1.033335466120673,0,2,0,0,0,0,0,0,0,0,0,0,0,0,0,0,125,0,0,0,125,0,0,0,250,,0,0,0,0,0,0,0,0,0,0,0,0,0,0,0,0,0,0,0,0,0,0,0,,0,0,0,0,0,0,0,0,0,0,0,0,0,0,14.3,0,0,0,9.7,0,0,0,24,,0,0,0,0,0,0,0,0,0,0,0,0,0,0,14.3,0,0,0,9.7,0,0,0,24,,0,0,0,0,0,0,0,0,0,0,0,0,0,0,31996250,0,0,0,21703749.999999996,0,0,0,,53700000,15629,16150
2025-11-28 00:00:00,1,,,4.9,,,,,,,,,,,,,,,,,,,19.1,,,,0,24,2549,2617.226142793566,6031.302053531693,0,0,0,0,0,0,0,0,0,0,0,0,0,0,0,0,0,0,2617.2261427935655,0,0,0,0,0,0,0,0,0,0,0,0,0,0,0,0,0,0,0,0,0,3414.075910738127,0,0,0,0,0,0,0,0,0,0,0,0,0,0,0,0,0,0,0,0,0,0,0,0,0,0,0,0,0,0,0,0,0,0,0,0,0,0,0,0,0,0,0,6031.302053531692,0,0,0,,3414.075910738127,1.026765846525526,0,1,0,0,0,0,0,0,0,0,0,0,0,0,0,0,0,0,0,0,125,0,0,0,125,,0,0,0,0,0,0,0,0,0,0,0,0,0,0,0,0,0,0,0,0,0,0,0,,0,0,0,0,0,0,0,0,0,0,0,0,0,0,0,0,0,0,24,0,0,0,24,,0,0,0,0,0,0,0,0,0,0,0,0,0,0,0,0,0,0,24,0,0,0,24,,0,0,0,0,0,0,0,0,0,0,0,0,0,0,0,0,0,0,53700000,0,0,0,,53700000,15729,16150
2025-11-29 00:00:00,1,,,4.8,,,,,,,,,,,,,,,,,,,19.2,,,,0,24,2520,2582.3604060913704,5989.720812182741,0,0,0,0,0,0,0,0,0,0,0,0,0,0,0,0,0,0,2582.3604060913704,0,0,0,0,0,0,0,0,0,0,0,0,0,0,0,0,0,0,0,0,0,3407.36040609137,0,0,0,0,0,0,0,0,0,0,0,0,0,0,0,0,0,0,0,0,0,0,0,0,0,0,0,0,0,0,0,0,0,0,0,0,0,0,0,0,0,0,0,5989.720812182741,0,0,0,,3407.3604060913704,1.024746192893401,0,1,0,0,0,0,0,0,0,0,0,0,0,0,0,0,0,0,0,0,125,0,0,0,125,,0,0,0,0,0,0,0,0,0,0,0,0,0,0,0,0,0,0,0,0,0,0,0,,0,0,0,0,0,0,0,0,0,0,0,0,0,0,0,0,0,0,24,0,0,0,24,,0,0,0,0,0,0,0,0,0,0,0,0,0,0,0,0,0,0,24,0,0,0,24,,0,0,0,0,0,0,0,0,0,0,0,0,0,0,0,0,0,0,53700000,0,0,0,,53700000,15760,16150
2025-11-30 00:00:00,1,,,19.8,,,,,,,,,,,,,,,,,,,4.2,,,,0,24,7256,7448.7922705314,10862.21713704551,0,0,0,0,0,0,0,0,0,0,0,0,0,0,0,0,0,0,7448.7922705313995,0,0,0,0,0,0,0,0,0,0,0,0,0,0,0,0,0,0,0,0,0,3413.4248665141113,0,0,0,0,0,0,0,0,0,0,0,0,0,0,0,0,0,0,0,0,0,0,0,0,0,0,0,0,0,0,0,0,0,0,0,0,0,0,0,0,0,0,0,10862.21713704551,0,0,0,,3413.4248665141113,1.0265700483091786,0,1,0,0,0,0,0,0,0,0,0,0,0,0,0,0,0,0,0,0,125,0,0,0,125,,0,0,0,0,0,0,0,0,0,0,0,0,0,0,0,0,0,0,0,0,0,0,0,,0,0,0,0,0,0,0,0,0,0,0,0,0,0,0,0,0,0,24,0,0,0,24,,0,0,0,0,0,0,0,0,0,0,0,0,0,0,0,0,0,0,24,0,0,0,24,,0,0,0,0,0,0,0,0,0,0,0,0,0,0,0,0,0,0,53700000,0,0,0,,53700000,15732,16150
2025-12-01 00:00:00,1,,,20.8,,,,,,,,,,,,,,,,,,,3.2,,,,0,24,7876,8099.165870741802,11518.459089461954,0,0,0,0,0,0,0,0,0,0,0,0,0,0,0,0,0,0,8099.165870741803,0,0,0,0,0,0,0,0,0,0,0,0,0,0,0,0,0,0,0,0,0,3419.2932187201527,0,0,0,0,0,0,0,0,0,0,0,0,0,0,0,0,0,0,0,0,0,0,0,0,0,0,0,0,0,0,0,0,0,0,0,0,0,0,0,0,0,0,0,11518.459089461956,0,0,0,,3419.2932187201527,1.0283349251830627,0,1,0,0,0,0,0,0,0,0,0,0,0,0,0,0,0,0,0,0,125,0,0,0,125,,0,0,0,0,0,0,0,0,0,0,0,0,0,0,0,0,0,0,0,0,0,0,0,,0,0,0,0,0,0,0,0,0,0,0,0,0,0,0,0,0,0,24,0,0,0,24,,0,0,0,0,0,0,0,0,0,0,0,0,0,0,0,0,0,0,24,0,0,0,24,,0,0,0,0,0,0,0,0,0,0,0,0,0,0,0,0,0,0,53700000,0,0,0,,53700000,15705,16150
2025-12-02 00:00:00,1,,,4.6,,,,,,,,,,,,,,,,,,,19.4,,,,0,24,2466,2532.970807097882,5948.3495516122875,0,0,0,0,0,0,0,0,0,0,0,0,0,0,0,0,0,0,2532.9708070978822,0,0,0,0,0,0,0,0,0,0,0,0,0,0,0,0,0,0,0,0,0,3415.3787445144058,0,0,0,0,0,0,0,0,0,0,0,0,0,0,0,0,0,0,0,0,0,0,0,0,0,0,0,0,0,0,0,0,0,0,0,0,0,0,0,0,0,0,0,5948.3495516122875,0,0,0,,3415.3787445144058,1.0271576671118743,0,1,0,0,0,0,0,0,0,0,0,0,0,0,0,0,0,0,0,0,125,0,0,0,125,,0,0,0,0,0,0,0,0,0,0,0,0,0,0,0,0,0,0,0,0,0,0,0,,0,0,0,0,0,0,0,0,0,0,0,0,0,0,0,0,0,0,24,0,0,0,24,,0,0,0,0,0,0,0,0,0,0,0,0,0,0,0,0,0,0,24,0,0,0,24,,0,0,0,0,0,0,0,0,0,0,0,0,0,0,0,0,0,0,53700000,0,0,0,,53700000,15723,16150
2025-12-03 00:00:00,1,,,4.9,,,,,,,,,,,,,,,,,,,19.1,,,,0,24,2549,2618.2248934681675,6033.603637982573,0,0,0,0,0,0,0,0,0,0,0,0,0,0,0,0,0,0,2618.2248934681675,0,0,0,0,0,0,0,0,0,0,0,0,0,0,0,0,0,0,0,0,0,3415.3787445144058,0,0,0,0,0,0,0,0,0,0,0,0,0,0,0,0,0,0,0,0,0,0,0,0,0,0,0,0,0,0,0,0,0,0,0,0,0,0,0,0,0,0,0,6033.603637982573,0,0,0,,3415.3787445144058,1.0271576671118743,0,1,0,0,0,0,0,0,0,0,0,0,0,0,0,0,0,0,0,0,125,0,0,0,125,,0,0,0,0,0,0,0,0,0,0,0,0,0,0,0,0,0,0,0,0,0,0,0,,0,0,0,0,0,0,0,0,0,0,0,0,0,0,0,0,0,0,24,0,0,0,24,,0,0,0,0,0,0,0,0,0,0,0,0,0,0,0,0,0,0,24,0,0,0,24,,0,0,0,0,0,0,0,0,0,0,0,0,0,0,0,0,0,0,53700000,0,0,0,,53700000,15723,16150
2025-12-04 00:00:00,1,,,4.8,,,,,,,,,,,,,,,,,,,19.2,,,,0,24,2520,2588.437321121923,6003.816065636329,0,0,0,0,0,0,0,0,0,0,0,0,0,0,0,0,0,0,2588.437321121923,0,0,0,0,0,0,0,0,0,0,0,0,0,0,0,0,0,0,0,0,0,3415.3787445144058,0,0,0,0,0,0,0,0,0,0,0,0,0,0,0,0,0,0,0,0,0,0,0,0,0,0,0,0,0,0,0,0,0,0,0,0,0,0,0,0,0,0,0,6003.816065636329,0,0,0,,3415.3787445144058,1.0271576671118743,0,1,0,0,0,0,0,0,0,0,0,0,0,0,0,0,0,0,0,0,125,0,0,0,125,,0,0,0,0,0,0,0,0,0,0,0,0,0,0,0,0,0,0,0,0,0,0,0,,0,0,0,0,0,0,0,0,0,0,0,0,0,0,0,0,0,0,24,0,0,0,24,,0,0,0,0,0,0,0,0,0,0,0,0,0,0,0,0,0,0,24,0,0,0,24,,0,0,0,0,0,0,0,0,0,0,0,0,0,0,0,0,0,0,53700000,0,0,0,,53700000,15723,16150
2025-12-05 00:00:00,1,,,4.6,,,,,,,,,,,,,,,,,,,19.4,,,,0,24,2466,2528.4680337756336,5937.775379340994,0,0,0,0,0,0,0,0,0,0,0,0,0,0,0,0,0,0,2528.4680337756336,0,0,0,0,0,0,0,0,0,0,0,0,0,0,0,0,0,0,0,0,0,3409.3073455653607,0,0,0,0,0,0,0,0,0,0,0,0,0,0,0,0,0,0,0,0,0,0,0,0,0,0,0,0,0,0,0,0,0,0,0,0,0,0,0,0,0,0,0,5937.775379340994,0,0,0,,3409.3073455653607,1.0253317249698433,0,1,0,0,0,0,0,0,0,0,0,0,0,0,0,0,0,0,0,0,125,0,0,0,125,,0,0,0,0,0,0,0,0,0,0,0,0,0,0,0,0,0,0,0,0,0,0,0,,0,0,0,0,0,0,0,0,0,0,0,0,0,0,0,0,0,0,24,0,0,0,24,,0,0,0,0,0,0,0,0,0,0,0,0,0,0,0,0,0,0,24,0,0,0,24,,0,0,0,0,0,0,0,0,0,0,0,0,0,0,0,0,0,0,53700000,0,0,0,,53700000,15751,16150
2025-12-06 00:00:00,1,,,4.7,,,,,,,,,,,,,,,,,,,19.3,,,,0,24,2493,2553.7200304452617,5959.783711784854,0,0,0,0,0,0,0,0,0,0,0,0,0,0,0,0,0,0,2553.7200304452617,0,0,0,0,0,0,0,0,0,0,0,0,0,0,0,0,0,0,0,0,0,3406.0636813395918,0,0,0,0,0,0,0,0,0,0,0,0,0,0,0,0,0,0,0,0,0,0,0,0,0,0,0,0,0,0,0,0,0,0,0,0,0,0,0,0,0,0,0,5959.783711784854,0,0,0,,3406.0636813395913,1.0243562095648864,0,1,0,0,0,0,0,0,0,0,0,0,0,0,0,0,0,0,0,0,125,0,0,0,125,,0,0,0,0,0,0,0,0,0,0,0,0,0,0,0,0,0,0,0,0,0,0,0,,0,0,0,0,0,0,0,0,0,0,0,0,0,0,0,0,0,0,24,0,0,0,24,,0,0,0,0,0,0,0,0,0,0,0,0,0,0,0,0,0,0,24,0,0,0,24,,0,0,0,0,0,0,0,0,0,0,0,0,0,0,0,0,0,0,53700000,0,0,0,,53700000,15766,16150
2025-12-07 00:00:00,1,,,4.9,,,,,,,,,,,,,,,,,,,19.1,,,,0,24,2549,2598.885732323232,5989.037247474746,0,0,0,0,0,0,0,0,0,0,0,0,0,0,0,0,0,0,2598.885732323232,0,0,0,0,0,0,0,0,0,0,0,0,0,0,0,0,0,0,0,0,0,3390.1515151515146,0,0,0,0,0,0,0,0,0,0,0,0,0,0,0,0,0,0,0,0,0,0,0,0,0,0,0,0,0,0,0,0,0,0,0,0,0,0,0,0,0,0,0,5989.037247474746,0,0,0,,3390.151515151515,1.019570707070707,0,1,0,0,0,0,0,0,0,0,0,0,0,0,0,0,0,0,0,0,125,0,0,0,125,,0,0,0,0,0,0,0,0,0,0,0,0,0,0,0,0,0,0,0,0,0,0,0,,0,0,0,0,0,0,0,0,0,0,0,0,0,0,0,0,0,0,24,0,0,0,24,,0,0,0,0,0,0,0,0,0,0,0,0,0,0,0,0,0,0,24,0,0,0,24,,0,0,0,0,0,0,0,0,0,0,0,0,0,0,0,0,0,0,53700000,0,0,0,,53700000,15840,16150
2025-12-08 00:00:00,1,,,4.8,,,,,,,,,,,,,,,,,,,19.2,,,,0,24,2520,2581.2139278239365,5987.061584321686,0,0,0,0,0,0,0,0,0,0,0,0,0,0,0,0,0,0,2581.2139278239365,0,0,0,0,0,0,0,0,0,0,0,0,0,0,0,0,0,0,0,0,0,3405.8476564977486,0,0,0,0,0,0,0,0,0,0,0,0,0,0,0,0,0,0,0,0,0,0,0,0,0,0,0,0,0,0,0,0,0,0,0,0,0,0,0,0,0,0,0,5987.061584321686,0,0,0,,3405.8476564977486,1.0242912411999747,0,1,0,0,0,0,0,0,0,0,0,0,0,0,0,0,0,0,0,0,125,0,0,0,125,,0,0,0,0,0,0,0,0,0,0,0,0,0,0,0,0,0,0,0,0,0,0,0,,0,0,0,0,0,0,0,0,0,0,0,0,0,0,0,0,0,0,24,0,0,0,24,,0,0,0,0,0,0,0,0,0,0,0,0,0,0,0,0,0,0,24,0,0,0,24,,0,0,0,0,0,0,0,0,0,0,0,0,0,0,0,0,0,0,53700000,0,0,0,,53700000,15767,16150
2025-12-09 00:00:00,1,,,4.7,,,,,,,,,,,,,,,,,,,19.3,,,,0,24,2493,2569.2010720439025,5995.912832620765,0,0,0,0,0,0,0,0,0,0,0,0,0,0,0,0,0,0,2569.2010720439025,0,0,0,0,0,0,0,0,0,0,0,0,0,0,0,0,0,0,0,0,0,3426.7117605768617,0,0,0,0,0,0,0,0,0,0,0,0,0,0,0,0,0,0,0,0,0,0,0,0,0,0,0,0,0,0,0,0,0,0,0,0,0,0,0,0,0,0,0,5995.912832620765,0,0,0,,3426.7117605768617,1.0305660136557973,0,1,0,0,0,0,0,0,0,0,0,0,0,0,0,0,0,0,0,0,125,0,0,0,125,,0,0,0,0,0,0,0,0,0,0,0,0,0,0,0,0,0,0,0,0,0,0,0,,0,0,0,0,0,0,0,0,0,0,0,0,0,0,0,0,0,0,24,0,0,0,24,,0,0,0,0,0,0,0,0,0,0,0,0,0,0,0,0,0,0,24,0,0,0,24,,0,0,0,0,0,0,0,0,0,0,0,0,0,0,0,0,0,0,53700000,0,0,0,,53700000,15671,16150
2025-12-10 00:00:00,1,,,20.6,,,,,,,,,,,,,,,,,,,3.4,,,,0,24,7542,7772.528874992023,11199.240635568884,0,0,0,0,0,0,0,0,0,0,0,0,0,0,0,0,0,0,7772.528874992023,0,0,0,0,0,0,0,0,0,0,0,0,0,0,0,0,0,0,0,0,0,3426.7117605768617,0,0,0,0,0,0,0,0,0,0,0,0,0,0,0,0,0,0,0,0,0,0,0,0,0,0,0,0,0,0,0,0,0,0,0,0,0,0,0,0,0,0,0,11199.240635568884,0,0,0,,3426.7117605768617,1.0305660136557973,0,1,0,0,0,0,0,0,0,0,0,0,0,0,0,0,0,0,0,0,125,0,0,0,125,,0,0,0,0,0,0,0,0,0,0,0,0,0,0,0,0,0,0,0,0,0,0,0,,0,0,0,0,0,0,0,0,0,0,0,0,0,0,0,0,0,0,24,0,0,0,24,,0,0,0,0,0,0,0,0,0,0,0,0,0,0,0,0,0,0,24,0,0,0,24,,0,0,0,0,0,0,0,0,0,0,0,0,0,0,0,0,0,0,53700000,0,0,0,,53700000,15671,16150
2025-12-11 00:00:00,1,,,11.9,,,,,,,,,,,,,,,,,,,12.1,,,,0,24,4783,4929.197243315678,8355.909003892539,0,0,0,0,0,0,0,0,0,0,0,0,0,0,0,0,0,0,4929.197243315678,0,0,0,0,0,0,0,0,0,0,0,0,0,0,0,0,0,0,0,0,0,3426.7117605768617,0,0,0,0,0,0,0,0,0,0,0,0,0,0,0,0,0,0,0,0,0,0,0,0,0,0,0,0,0,0,0,0,0,0,0,0,0,0,0,0,0,0,0,8355.909003892539,0,0,0,,3426.7117605768617,1.0305660136557973,0,1,0,0,0,0,0,0,0,0,0,0,0,0,0,0,0,0,0,0,125,0,0,0,125,,0,0,0,0,0,0,0,0,0,0,0,0,0,0,0,0,0,0,0,0,0,0,0,,0,0,0,0,0,0,0,0,0,0,0,0,0,0,0,0,0,0,24,0,0,0,24,,0,0,0,0,0,0,0,0,0,0,0,0,0,0,0,0,0,0,24,0,0,0,24,,0,0,0,0,0,0,0,0,0,0,0,0,0,0,0,0,0,0,53700000,0,0,0,,53700000,15671,16150
2025-12-12 00:00:00,1,,,4.7,,,,,,,,,,,,,,,,,,,19.3,,,,0,24,2493,2568.2177712572557,5993.618039165656,0,0,0,0,0,0,0,0,0,0,0,0,0,0,0,0,0,0,2568.2177712572557,0,0,0,0,0,0,0,0,0,0,0,0,0,0,0,0,0,0,0,0,0,3425.400267908401,0,0,0,0,0,0,0,0,0,0,0,0,0,0,0,0,0,0,0,0,0,0,0,0,0,0,0,0,0,0,0,0,0,0,0,0,0,0,0,0,0,0,0,5993.618039165656,0,0,0,,3425.400267908401,1.0301715889519678,0,1,0,0,0,0,0,0,0,0,0,0,0,0,0,0,0,0,0,0,125,0,0,0,125,,0,0,0,0,0,0,0,0,0,0,0,0,0,0,0,0,0,0,0,0,0,0,0,,0,0,0,0,0,0,0,0,0,0,0,0,0,0,0,0,0,0,24,0,0,0,24,,0,0,0,0,0,0,0,0,0,0,0,0,0,0,0,0,0,0,24,0,0,0,24,,0,0,0,0,0,0,0,0,0,0,0,0,0,0,0,0,0,0,53700000,0,0,0,,53700000,15677,16150
2025-12-13 00:00:00,1,,,4.9,,,,,,,,,,,,,,,,,,,19.1,,,,0,24,2549,2610.256166381333,6015.239997463699,0,0,0,0,0,0,0,0,0,0,0,0,0,0,0,0,0,0,2610.256166381333,0,0,0,0,0,0,0,0,0,0,0,0,0,0,0,0,0,0,0,0,0,3404.9838310823666,0,0,0,0,0,0,0,0,0,0,0,0,0,0,0,0,0,0,0,0,0,0,0,0,0,0,0,0,0,0,0,0,0,0,0,0,0,0,0,0,0,0,0,6015.239997463699,0,0,0,,3404.9838310823666,1.0240314501299854,0,1,0,0,0,0,0,0,0,0,0,0,0,0,0,0,0,0,0,0,125,0,0,0,125,,0,0,0,0,0,0,0,0,0,0,0,0,0,0,0,0,0,0,0,0,0,0,0,,0,0,0,0,0,0,0,0,0,0,0,0,0,0,0,0,0,0,24,0,0,0,24,,0,0,0,0,0,0,0,0,0,0,0,0,0,0,0,0,0,0,24,0,0,0,24,,0,0,0,0,0,0,0,0,0,0,0,0,0,0,0,0,0,0,53700000,0,0,0,,53700000,15771,16150
2025-12-14 00:00:00,1,,,4.8,,,,,,,,,,,,,,,,,,,19.2,,,,0,24,2520,2578.7606133569893,5981.37118235965,0,0,0,0,0,0,0,0,0,0,0,0,0,0,0,0,0,0,2578.7606133569893,0,0,0,0,0,0,0,0,0,0,0,0,0,0,0,0,0,0,0,0,0,3402.610569002661,0,0,0,0,0,0,0,0,0,0,0,0,0,0,0,0,0,0,0,0,0,0,0,0,0,0,0,0,0,0,0,0,0,0,0,0,0,0,0,0,0,0,0,5981.37118235965,0,0,0,,3402.610569002661,1.023317703713091,0,1,0,0,0,0,0,0,0,0,0,0,0,0,0,0,0,0,0,0,125,0,0,0,125,,0,0,0,0,0,0,0,0,0,0,0,0,0,0,0,0,0,0,0,0,0,0,0,,0,0,0,0,0,0,0,0,0,0,0,0,0,0,0,0,0,0,24,0,0,0,24,,0,0,0,0,0,0,0,0,0,0,0,0,0,0,0,0,0,0,24,0,0,0,24,,0,0,0,0,0,0,0,0,0,0,0,0,0,0,0,0,0,0,53700000,0,0,0,,53700000,15782,16150
2025-12-15 00:00:00,1,,,4.7,,,,,,,,,,,,,,,,,,,19.3,,,,0,24,2493,2536.5053865053865,5919.60876960877,0,0,0,0,0,0,0,0,0,0,0,0,0,0,0,0,0,0,2536.505386505386,0,0,0,0,0,0,0,0,0,0,0,0,0,0,0,0,0,0,0,0,0,3383.1033831033833,0,0,0,0,0,0,0,0,0,0,0,0,0,0,0,0,0,0,0,0,0,0,0,0,0,0,0,0,0,0,0,0,0,0,0,0,0,0,0,0,0,0,0,5919.608769608769,0,0,0,,3383.1033831033833,1.0174510174510174,0,1,0,0,0,0,0,0,0,0,0,0,0,0,0,0,0,0,0,0,125,0,0,0,125,,0,0,0,0,0,0,0,0,0,0,0,0,0,0,0,0,0,0,0,0,0,0,0,,0,0,0,0,0,0,0,0,0,0,0,0,0,0,0,0,0,0,24,0,0,0,24,,0,0,0,0,0,0,0,0,0,0,0,0,0,0,0,0,0,0,24,0,0,0,24,,0,0,0,0,0,0,0,0,0,0,0,0,0,0,0,0,0,0,53700000,0,0,0,,53700000,15873,16150
2025-12-16 00:00:00,1,,,13.1,,,,,,,,,,,,,,,,,,,10.9,,,,0,24,4791,4870.005664652568,8249.91503021148,0,0,0,0,0,0,0,0,0,0,0,0,0,0,0,0,0,0,4870.005664652568,0,0,0,0,0,0,0,0,0,0,0,0,0,0,0,0,0,0,0,0,0,3379.9093655589118,0,0,0,0,0,0,0,0,0,0,0,0,0,0,0,0,0,0,0,0,0,0,0,0,0,0,0,0,0,0,0,0,0,0,0,0,0,0,0,0,0,0,0,8249.91503021148,0,0,0,,3379.909365558912,1.0164904330312186,0,1,0,0,0,0,0,0,0,0,0,0,0,0,0,0,0,0,0,0,125,0,0,0,125,,0,0,0,0,0,0,0,0,0,0,0,0,0,0,0,0,0,0,0,0,0,0,0,,0,0,0,0,0,0,0,0,0,0,0,0,0,0,0,0,0,0,24,0,0,0,24,,0,0,0,0,0,0,0,0,0,0,0,0,0,0,0,0,0,0,24,0,0,0,24,,0,0,0,0,0,0,0,0,0,0,0,0,0,0,0,0,0,0,53700000,0,0,0,,53700000,15888,16150
2025-12-17 00:00:00,1,,,7.6,,,,,,,,,,,,,,,,,,,16.4,,,,0,24,3380,3435.7376636455188,6815.6470292044305,0,0,0,0,0,0,0,0,0,0,0,0,0,0,0,0,0,0,3435.737663645519,0,0,0,0,0,0,0,0,0,0,0,0,0,0,0,0,0,0,0,0,0,3379.9093655589118,0,0,0,0,0,0,0,0,0,0,0,0,0,0,0,0,0,0,0,0,0,0,0,0,0,0,0,0,0,0,0,0,0,0,0,0,0,0,0,0,0,0,0,6815.6470292044305,0,0,0,,3379.909365558912,1.0164904330312186,0,1,0,0,0,0,0,0,0,0,0,0,0,0,0,0,0,0,0,0,125,0,0,0,125,,0,0,0,0,0,0,0,0,0,0,0,0,0,0,0,0,0,0,0,0,0,0,0,,0,0,0,0,0,0,0,0,0,0,0,0,0,0,0,0,0,0,24,0,0,0,24,,0,0,0,0,0,0,0,0,0,0,0,0,0,0,0,0,0,0,24,0,0,0,24,,0,0,0,0,0,0,0,0,0,0,0,0,0,0,0,0,0,0,53700000,0,0,0,,53700000,15888,16150
2025-12-18 00:00:00,1,,,4.9,,,,,,,,,,,,,,,,,,,19.1,,,,0,24,2549,2591.034113796576,5970.943479355488,0,0,0,0,0,0,0,0,0,0,0,0,0,0,0,0,0,0,2591.034113796576,0,0,0,0,0,0,0,0,0,0,0,0,0,0,0,0,0,0,0,0,0,3379.9093655589118,0,0,0,0,0,0,0,0,0,0,0,0,0,0,0,0,0,0,0,0,0,0,0,0,0,0,0,0,0,0,0,0,0,0,0,0,0,0,0,0,0,0,0,5970.943479355488,0,0,0,,3379.909365558912,1.0164904330312186,0,1,0,0,0,0,0,0,0,0,0,0,0,0,0,0,0,0,0,0,125,0,0,0,125,,0,0,0,0,0,0,0,0,0,0,0,0,0,0,0,0,0,0,0,0,0,0,0,,0,0,0,0,0,0,0,0,0,0,0,0,0,0,0,0,0,0,24,0,0,0,24,,0,0,0,0,0,0,0,0,0,0,0,0,0,0,0,0,0,0,24,0,0,0,24,,0,0,0,0,0,0,0,0,0,0,0,0,0,0,0,0,0,0,53700000,0,0,0,,53700000,15888,16150
2025-12-19 00:00:00,1,,,4.6,,,,,,,,,,,,,,,,,,,19.4,,,,0,24,2466,2512.992175668854,5901.432357395255,0,0,0,0,0,0,0,0,0,0,0,0,0,0,0,0,0,0,2512.9921756688545,0,0,0,0,0,0,0,0,0,0,0,0,0,0,0,0,0,0,0,0,0,3388.4401817264006,0,0,0,0,0,0,0,0,0,0,0,0,0,0,0,0,0,0,0,0,0,0,0,0,0,0,0,0,0,0,0,0,0,0,0,0,0,0,0,0,0,0,0,5901.432357395255,0,0,0,,3388.4401817264006,1.0190560323069158,0,1,0,0,0,0,0,0,0,0,0,0,0,0,0,0,0,0,0,0,125,0,0,0,125,,0,0,0,0,0,0,0,0,0,0,0,0,0,0,0,0,0,0,0,0,0,0,0,,0,0,0,0,0,0,0,0,0,0,0,0,0,0,0,0,0,0,24,0,0,0,24,,0,0,0,0,0,0,0,0,0,0,0,0,0,0,0,0,0,0,24,0,0,0,24,,0,0,0,0,0,0,0,0,0,0,0,0,0,0,0,0,0,0,53700000,0,0,0,,53700000,15848,16150
2025-12-20 00:00:00,1,,,4.7,,,,,,,,,,,,,,,,,,,19.3,,,,0,24,2493,2545.646813353566,5940.942716236722,0,0,0,0,0,0,0,0,0,0,0,0,0,0,0,0,0,0,2545.646813353566,0,0,0,0,0,0,0,0,0,0,0,0,0,0,0,0,0,0,0,0,0,3395.295902883156,0,0,0,0,0,0,0,0,0,0,0,0,0,0,0,0,0,0,0,0,0,0,0,0,0,0,0,0,0,0,0,0,0,0,0,0,0,0,0,0,0,0,0,5940.942716236722,0,0,0,,3395.2959028831565,1.0211178553363682,0,1,0,0,0,0,0,0,0,0,0,0,0,0,0,0,0,0,0,0,125,0,0,0,125,,0,0,0,0,0,0,0,0,0,0,0,0,0,0,0,0,0,0,0,0,0,0,0,,0,0,0,0,0,0,0,0,0,0,0,0,0,0,0,0,0,0,24,0,0,0,24,,0,0,0,0,0,0,0,0,0,0,0,0,0,0,0,0,0,0,24,0,0,0,24,,0,0,0,0,0,0,0,0,0,0,0,0,0,0,0,0,0,0,53700000,0,0,0,,53700000,15816,16150
2025-12-21 00:00:00,1,,,4.8,,,,,,,,,,,,,,,,,,,19.2,,,,0,24,2520,2566.4018161180475,5952.70525917518,0,0,0,0,0,0,0,0,0,0,0,0,0,0,0,0,0,0,2566.401816118048,0,0,0,0,0,0,0,0,0,0,0,0,0,0,0,0,0,0,0,0,0,3386.303443057132,0,0,0,0,0,0,0,0,0,0,0,0,0,0,0,0,0,0,0,0,0,0,0,0,0,0,0,0,0,0,0,0,0,0,0,0,0,0,0,0,0,0,0,5952.70525917518,0,0,0,,3386.303443057132,1.0184134190944634,0,1,0,0,0,0,0,0,0,0,0,0,0,0,0,0,0,0,0,0,125,0,0,0,125,,0,0,0,0,0,0,0,0,0,0,0,0,0,0,0,0,0,0,0,0,0,0,0,,0,0,0,0,0,0,0,0,0,0,0,0,0,0,0,0,0,0,24,0,0,0,24,,0,0,0,0,0,0,0,0,0,0,0,0,0,0,0,0,0,0,24,0,0,0,24,,0,0,0,0,0,0,0,0,0,0,0,0,0,0,0,0,0,0,53700000,0,0,0,,53700000,15858,16150
2025-12-22 00:00:00,1,,,4.9,,,,,,,,,,,,,,,,,,,19.1,,,,0,24,2549,2582.257558650107,5950.718228578598,0,0,0,0,0,0,0,0,0,0,0,0,0,0,0,0,0,0,2582.2575586501066,0,0,0,0,0,0,0,0,0,0,0,0,0,0,0,0,0,0,0,0,0,3368.460669928491,0,0,0,0,0,0,0,0,0,0,0,0,0,0,0,0,0,0,0,0,0,0,0,0,0,0,0,0,0,0,0,0,0,0,0,0,0,0,0,0,0,0,0,5950.7182285785975,0,0,0,,3368.460669928491,1.01304729644963,0,1,0,0,0,0,0,0,0,0,0,0,0,0,0,0,0,0,0,0,125,0,0,0,125,,0,0,0,0,0,0,0,0,0,0,0,0,0,0,0,0,0,0,0,0,0,0,0,,0,0,0,0,0,0,0,0,0,0,0,0,0,0,0,0,0,0,24,0,0,0,24,,0,0,0,0,0,0,0,0,0,0,0,0,0,0,0,0,0,0,24,0,0,0,24,,0,0,0,0,0,0,0,0,0,0,0,0,0,0,0,0,0,0,53700000,0,0,0,,53700000,15942,16150
2025-12-23 00:00:00,1,,,21.8,,,,,,,,,,,,,,,,,,,2.2,,,,0,24,7866,7984.155615611841,11359.17918421218,0,0,0,0,0,0,0,0,0,0,0,0,0,0,0,0,0,0,7984.15561561184,0,0,0,0,0,0,0,0,0,0,0,0,0,0,0,0,0,0,0,0,0,3375.0235686003393,0,0,0,0,0,0,0,0,0,0,0,0,0,0,0,0,0,0,0,0,0,0,0,0,0,0,0,0,0,0,0,0,0,0,0,0,0,0,0,0,0,0,0,11359.17918421218,0,0,0,,3375.0235686003393,1.0150210546163032,0,1,0,0,0,0,0,0,0,0,0,0,0,0,0,0,0,0,0,0,125,0,0,0,125,,0,0,0,0,0,0,0,0,0,0,0,0,0,0,0,0,0,0,0,0,0,0,0,,0,0,0,0,0,0,0,0,0,0,0,0,0,0,0,0,0,0,24,0,0,0,24,,0,0,0,0,0,0,0,0,0,0,0,0,0,0,0,0,0,0,24,0,0,0,24,,0,0,0,0,0,0,0,0,0,0,0,0,0,0,0,0,0,0,53700000,0,0,0,,53700000,15911,16150
2025-12-24 00:00:00,1,,,14.7,,,,,,,,,,,,,,,,,,,9.3,,,,0,24,5713,5798.81528502294,9173.83885362328,0,0,0,0,0,0,0,0,0,0,0,0,0,0,0,0,0,0,5798.81528502294,0,0,0,0,0,0,0,0,0,0,0,0,0,0,0,0,0,0,0,0,0,3375.0235686003393,0,0,0,0,0,0,0,0,0,0,0,0,0,0,0,0,0,0,0,0,0,0,0,0,0,0,0,0,0,0,0,0,0,0,0,0,0,0,0,0,0,0,0,9173.83885362328,0,0,0,,3375.0235686003393,1.0150210546163032,0,1,0,0,0,0,0,0,0,0,0,0,0,0,0,0,0,0,0,0,125,0,0,0,125,,0,0,0,0,0,0,0,0,0,0,0,0,0,0,0,0,0,0,0,0,0,0,0,,0,0,0,0,0,0,0,0,0,0,0,0,0,0,0,0,0,0,24,0,0,0,24,,0,0,0,0,0,0,0,0,0,0,0,0,0,0,0,0,0,0,24,0,0,0,24,,0,0,0,0,0,0,0,0,0,0,0,0,0,0,0,0,0,0,53700000,0,0,0,,53700000,15911,16150
-,,,,,0,,,,,,,,,,,,,,,,,,,,,,,0,,0,0,0,0,0,0,0,0,0,0,0,0,0,0,0,0,0,0,0,0,0,0,0,0,0,0,0,0,0,0,0,0,0,0,0,0,0,0,0,0,0,0,0,0,0,0,0,0,0,0,0,0,0,0,0,0,0,0,0,0,0,0,0,0,0,0,0,0,0,0,0,0,0,0,0,0,0,0,0,0,0,0,0,0,0,0,0,0,0,0,,3375.0235686003393,1.0150210546163032,0,1,125,0,0,0,0,0,0,0,0,0,0,0,0,0,0,0,0,0,0,0,0,0,125,,0,0,0,0,0,0,0,0,0,0,0,0,0,0,0,0,0,0,0,0,0,0,0,,0,0,0,0,0,0,0,0,0,0,0,0,0,0,0,0,0,0,0,0,0,0,0,,0,0,0,0,0,0,0,0,0,0,0,0,0,0,0,0,0,0,0,0,0,0,0,,0,0,0,0,0,0,0,0,0,0,0,0,0,0,0,0,0,0,0,0,0,0,,53700000,15911,16150
TOTAL,,0,0,252.89999999999998,0,0,0,0,0,0,0,0,0,0,0,0,0,0,30.400000000000002,0,0,0,436.7,0,0,0,0,720,119884,122885.2281540726,225029.1589656632,0,0,0,0,0,0,0,0,0,0,0,0,0,0,20947.673235651673,0,0,0,101937.5549184209,0,0,0,0,0,0,0,0,0,0,0,0,0,0,0,0,0,8919.076716360612,0,0,0,93224.85409523001,0,0,0,0,0,0,0,0,0,0,0,0,0,0,0,0,0,0,0,0,0,0,0,0,0,0,0,0,0,0,0,0,0,0,0,0,0,0,0,29866.749952012287,0,0,0,195162.4090136509,0,0,0,,105518.95438019095,,0,,,,,,,,,,,,,,,,,,,,,,,16150,,,,,,,,,,,,,,,,,,,,,,,,,,,0,0,0,0,0,0,0,0,0,0,0,0,0,0,62.3,0,0,0,657.7,0,0,0,720,,,,,,,,,,,,,,,,,,,,,,,,,,0,0,0,0,0,0,0,0,0,0,0,0,0,0,139396250,0,0,0,1471603750,0,0,0,,1664700000,,
TOTAL PERCENTS,,0,0,0.35124999999999995,0,0,0,0,0,0,0,0,0,0,0,0,0,0,0.042222222222222223,0,0,0,0.6065277777777778,0,0,0,0,,,,,,,,,,,,,,,,,,,,,,,,,,,0,0,0,0,0,0,0,0,0,0,0,0,0,0,0.08731871434253179,0,0,0,0.9126812856574683,0,0,0,,,,,,,,,,,,,,,,,,,,,,,,,,,,,,,,,,,,,,,,,,,,,,,,,,,,,,,,,,,,,,,,,,,,,,,,,,,,,,,,,,,,,,,,,,,,,,,,,,,,,,,,,,,,,,,,,,,,,,,,720,,,,,,,,,,,,,,,,,,,,,,,,,,0,0,0,0,0,0,0,0,0,0,0,0,0,0,0.08652777777777777,0,0,0,0.9134722222222222,0,0,0,,,,
,,,,,,,,,,,,,,,,,,,,,,,,,,,1,,,,,,,,,,,,,,,,,,,,,,,,,,,,,,,,,,,,,,,,,,,,,,,,1,,,,,,,,,,,,,,,,,,,,,,,,,,,,,,,,,,,,,,,,,,,,,,0,Downtime,,,,,,,,,,,,,,,,,,,,,,,,0,,,,,,,,,,,,,,,,,,,,,,,,,,,,,,,,,,,,,,,,,,,,,,,,,,,,,,,,,,,,,,,,,,,,,,,,,,,,,,,,,,,,,,,,,,,,,,,,1,,,,
,,,,,,,,,,,,,,,,,,,,,,,,,,Total hours,720,,,,,,,,,,,,,,,,,,,,,,,,,Fuel,122885.22815407257,,,,,,,,,,,,,,,,,,,,Charter Hire,,102143.93081159062,,,,,,,,,,,,,,,,,,,,Mob/Demob,,0,,,,,,,,,,,,,,,,,,,,,Total:,225029.1589656632,,,,,1.032258064516129,125,0,0,0,0,0,,,,,,,,,,,,,3500,0,0,0,4000,,,,,,,,,,,,,,,,,,,,,,,,,,,,,,,,,,,,,,,,,,,,,,,,,,,,,,,,,,,,,,,,,,,,,,,,,,,,,,,,,,,,,,,,,,,,,Charter Hire Rp,,1611000000,,,,
,,,,,,,,,,,,,,,,,,,,,,,,,,,,,,,,25 Nov - 24 Dec 2025,,,,,,,,,,,,,,,,,,,,,,,,,,,,,,,,,,,,,,,,,,,,,,,,,,,,,,,,,,,,,,,,,,,,,,,,,,,,,,,,,,,,,,,,,,,,,,,,,,,,,,,,,,,,,,,,,,,,,,,,,,,,,,,,,,,,,,,,,,,,,,,,,,,,,,,,,,,,,,,,,,,,,,,,,,,,,,,,,,,,,,,,,,,,,,,,,,,,,,,,,,,,,,,,,,,,,,
 Boat Name:,,,,,,,,,,,,,,,,,,,,,,,,,,,,,,,,AHTS Temasek Sepinggan,,,,Boat Fuel Consumption in Liters,,,,,,,,,,,,,,,,,,,,,,,,,,,,,,,,,,,,,,,,,,,,,,,,,,,,,,,,,,,,,,,,,,,,,,,,,,,,,,,,,,,,,,,,,,,,,,,,,,,,,,,,,,,,,,,,,,,,,,,,,,,,,,,,,,,,,,,,,,,,,,,,,,,,,,,,,,,,,,,,,,,,,,,,,,,,,,,,,,,,,,,,,,,,,,,,,,,,,,,,,,,,,,,,,,
Date,,,,,,,,,,,,,,,,,,,,,,,,,,,,,,,,RUN EXPLOSIVE,ASSET,TIRTA RAJAWALI,S: SLICKLINE UNIT,N: SLICKLINE (1),LAIN-LAIN,SOIL BORING,"N: SLICKLINE
(2)",DEBRIS SURVEY,"STORK
(WLI)",-,-,-,"SOUTH
OSF","NORTH
OSF",-," P_NORTH
ATTAKA","P_NORTH
NIB","P_NORTH
SANTAN
TERMINAL","P_NORTH
SECURITY PATROL",P_SOUTH,P_SOUTH SECURITY PATROL,Total,,,,,,,,,,,,,,,,,,,,,,,,,,,,,,,,,,,,,,,,,,,,,,,,,,,,,,,,,,,,,,,,,,,,,,,,,,,,,,,,,,,,,,,,,,,,,,,,,,,,,,,,,,,,,,,,,,,,,,,,,,,,,,,,,,,,,,,,,,,,,,,,,,,,,,,,,,,,,,,,,,,,,,,"DAILY
FUEL
RUN EXPLOSIVE","DAILY
FUEL
ASSET","DAILY
FUEL
'TIRTA RAJAWALI","DAILY
FUEL 
S: SLICKLINE UNIT","DAILY
FUEL
N: SLICKLINE (1)","DAILY
FUEL
LAIN-LAIN","DAILY
FUEL
SOIL BORING","DAILY
FUEL
N: SLICKLINE
(2)","DAILY
FUEL
DEBRIS SURVEY","DAILY
FUEL
STORK
(WLI)","DAILY
FUEL
-","DAILY
FUEL
-","DAILY
FUEL
-","DAILY FUEL
SOUTH
OSF","DAILY FUEL
NORTH
OSF","DAILY FUEL  
-","DAILY FUEL 
P_NORTH
ATTAKA","DAILY FUEL
P_NORTH
NIB","DAILY FUEL
P_NORTH
SANTAN
TERMINAL","DAILY FUEL
P_NORTH
SECURITY PATROL","DAILY FUEL
P_SOUTH","DAILY FUEL
P_SOUTH SECURITY PATROL",,,,
2025-11-25 00:00:00,,,,,,,,,,,,,,,,,,,,,,,,,,,,,8358,8636.617825836585,8636.617825836585,0,0,0,0,0,0,0,0,0,0,0,0,0,0,8358,0,0,0,0,0,0,0,8358,3435.92040437648,,,,,,,,,,,,,,,,,,,,,,,,,,,,,,,,,,,,,,,,,,,,,,,,,,,,,,,,,,,,,,,,,,,,,,,,,,,,,,,,,,,,,,,,,,,,,,,,,,,,,,,,,,,,,,,,,,,,,,,,,,,,,,,,,,,,,,,,,,,,,,,,,,,,,,,,,,,,,,,,,,,,,,0,0,0,0,0,0,0,0,0,0,0,0,0,0,134981700,0,0,0,0,0,0,0,,,,
2025-11-26 00:00:00,,,,,,,,,,,,,,,,,,,,,,,,,,,,,8010,8277.017083626592,8277.017083626592,0,0,0,0,0,0,0,0,0,0,0,0,0,0,8010,0,0,0,0,0,0,0,8010,3435.92040437648,,,,,,,,,,,,,,,,,,,,,,,,,,,,,,,,,,,,,,,,,,,,,,,,,,,,,,,,,,,,,,,,,,,,,,,,,,,,,,,,,,,,,,,,,,,,,,,,,,,,,,,,,,,,,,,,,,,,,,,,,,,,,,,,,,,,,,,,,,,,,,,,,,,,,,,,,,,,,,,,,,,,,,0,0,0,0,0,0,0,0,0,0,0,0,0,0,129361500,0,0,0,0,0,0,0,,,,
2025-11-27 00:00:00,,,,,,,,,,,,,,,,,,,,,,,,,,,,,6552,6770.41397402265,6770.413974022651,0,0,0,0,0,0,0,0,0,0,0,0,0,0,3903.9000000000005,0,0,0,2648.1,0,0,0,6552.000000000001,3435.9204043764803,,,,,,,,,,,,,,,,,,,,,,,,,,,,,,,,,,,,,,,,,,,,,,,,,,,,,,,,,,,,,,,,,,,,,,,,,,,,,,,,,,,,,,,,,,,,,,,,,,,,,,,,,,,,,,,,,,,,,,,,,,,,,,,,,,,,,,,,,,,,,,,,,,,,,,,,,,,,,,,,,,,,,,0,0,0,0,0,0,0,0,0,0,0,0,0,0,63047985,0,0,0,42766815,0,0,0,,,,
2025-11-28 00:00:00,,,,,,,,,,,,,,,,,,,,,,,,,,,,,2548.9999999999995,2617.226142793566,2617.2261427935655,0,0,0,0,0,0,0,0,0,0,0,0,0,0,0,0,0,0,2548.9999999999995,0,0,0,2548.9999999999995,3414.075910738127,,,,,,,,,,,,,,,,,,,,,,,,,,,,,,,,,,,,,,,,,,,,,,,,,,,,,,,,,,,,,,,,,,,,,,,,,,,,,,,,,,,,,,,,,,,,,,,,,,,,,,,,,,,,,,,,,,,,,,,,,,,,,,,,,,,,,,,,,,,,,,,,,,,,,,,,,,,,,,,,,,,,,,0,0,0,0,0,0,0,0,0,0,0,0,0,0,0,0,0,0,41166350,0,0,0,,,,
2025-11-29 00:00:00,,,,,,,,,,,,,,,,,,,,,,,,,,,,,2520,2582.3604060913704,2582.3604060913704,0,0,0,0,0,0,0,0,0,0,0,0,0,0,0,0,0,0,2520,0,0,0,2520,3407.36040609137,,,,,,,,,,,,,,,,,,,,,,,,,,,,,,,,,,,,,,,,,,,,,,,,,,,,,,,,,,,,,,,,,,,,,,,,,,,,,,,,,,,,,,,,,,,,,,,,,,,,,,,,,,,,,,,,,,,,,,,,,,,,,,,,,,,,,,,,,,,,,,,,,,,,,,,,,,,,,,,,,,,,,,0,0,0,0,0,0,0,0,0,0,0,0,0,0,0,0,0,0,40698000,0,0,0,,,,
2025-11-30 00:00:00,,,,,,,,,,,,,,,,,,,,,,,,,,,,,7255.999999999999,7448.7922705314,7448.7922705313995,0,0,0,0,0,0,0,0,0,0,0,0,0,0,0,0,0,0,7255.999999999999,0,0,0,7255.999999999999,3413.4248665141113,,,,,,,,,,,,,,,,,,,,,,,,,,,,,,,,,,,,,,,,,,,,,,,,,,,,,,,,,,,,,,,,,,,,,,,,,,,,,,,,,,,,,,,,,,,,,,,,,,,,,,,,,,,,,,,,,,,,,,,,,,,,,,,,,,,,,,,,,,,,,,,,,,,,,,,,,,,,,,,,,,,,,,0,0,0,0,0,0,0,0,0,0,0,0,0,0,0,0,0,0,117184400,0,0,0,,,,
2025-12-01 00:00:00,,,,,,,,,,,,,,,,,,,,,,,,,,,,,7876.000000000001,8099.165870741802,8099.165870741803,0,0,0,0,0,0,0,0,0,0,0,0,0,0,0,0,0,0,7876.000000000001,0,0,0,7876.000000000001,3419.2932187201527,,,,,,,,,,,,,,,,,,,,,,,,,,,,,,,,,,,,,,,,,,,,,,,,,,,,,,,,,,,,,,,,,,,,,,,,,,,,,,,,,,,,,,,,,,,,,,,,,,,,,,,,,,,,,,,,,,,,,,,,,,,,,,,,,,,,,,,,,,,,,,,,,,,,,,,,,,,,,,,,,,,,,,0,0,0,0,0,0,0,0,0,0,0,0,0,0,0,0,0,0,127197400,0,0,0,,,,
2025-12-02 00:00:00,,,,,,,,,,,,,,,,,,,,,,,,,,,,,2466.0000000000005,2532.970807097882,2532.9708070978822,0,0,0,0,0,0,0,0,0,0,0,0,0,0,0,0,0,0,2466.0000000000005,0,0,0,2466.0000000000005,3415.3787445144058,,,,,,,,,,,,,,,,,,,,,,,,,,,,,,,,,,,,,,,,,,,,,,,,,,,,,,,,,,,,,,,,,,,,,,,,,,,,,,,,,,,,,,,,,,,,,,,,,,,,,,,,,,,,,,,,,,,,,,,,,,,,,,,,,,,,,,,,,,,,,,,,,,,,,,,,,,,,,,,,,,,,,,0,0,0,0,0,0,0,0,0,0,0,0,0,0,0,0,0,0,39825900,0,0,0,,,,
2025-12-03 00:00:00,,,,,,,,,,,,,,,,,,,,,,,,,,,,,2549,2618.2248934681675,2618.2248934681675,0,0,0,0,0,0,0,0,0,0,0,0,0,0,0,0,0,0,2549,0,0,0,2549,3415.3787445144058,,,,,,,,,,,,,,,,,,,,,,,,,,,,,,,,,,,,,,,,,,,,,,,,,,,,,,,,,,,,,,,,,,,,,,,,,,,,,,,,,,,,,,,,,,,,,,,,,,,,,,,,,,,,,,,,,,,,,,,,,,,,,,,,,,,,,,,,,,,,,,,,,,,,,,,,,,,,,,,,,,,,,,0,0,0,0,0,0,0,0,0,0,0,0,0,0,0,0,0,0,41166350,0,0,0,,,,
2025-12-04 00:00:00,,,,,,,,,,,,,,,,,,,,,,,,,,,,,2520,2588.437321121923,2588.437321121923,0,0,0,0,0,0,0,0,0,0,0,0,0,0,0,0,0,0,2520,0,0,0,2520,3415.3787445144058,,,,,,,,,,,,,,,,,,,,,,,,,,,,,,,,,,,,,,,,,,,,,,,,,,,,,,,,,,,,,,,,,,,,,,,,,,,,,,,,,,,,,,,,,,,,,,,,,,,,,,,,,,,,,,,,,,,,,,,,,,,,,,,,,,,,,,,,,,,,,,,,,,,,,,,,,,,,,,,,,,,,,,0,0,0,0,0,0,0,0,0,0,0,0,0,0,0,0,0,0,40698000,0,0,0,,,,
2025-12-05 00:00:00,,,,,,,,,,,,,,,,,,,,,,,,,,,,,2466,2528.4680337756336,2528.4680337756336,0,0,0,0,0,0,0,0,0,0,0,0,0,0,0,0,0,0,2466,0,0,0,2466,3409.3073455653607,,,,,,,,,,,,,,,,,,,,,,,,,,,,,,,,,,,,,,,,,,,,,,,,,,,,,,,,,,,,,,,,,,,,,,,,,,,,,,,,,,,,,,,,,,,,,,,,,,,,,,,,,,,,,,,,,,,,,,,,,,,,,,,,,,,,,,,,,,,,,,,,,,,,,,,,,,,,,,,,,,,,,,0,0,0,0,0,0,0,0,0,0,0,0,0,0,0,0,0,0,39825900,0,0,0,,,,
2025-12-06 00:00:00,,,,,,,,,,,,,,,,,,,,,,,,,,,,,2493,2553.7200304452617,2553.7200304452617,0,0,0,0,0,0,0,0,0,0,0,0,0,0,0,0,0,0,2493,0,0,0,2493,3406.0636813395918,,,,,,,,,,,,,,,,,,,,,,,,,,,,,,,,,,,,,,,,,,,,,,,,,,,,,,,,,,,,,,,,,,,,,,,,,,,,,,,,,,,,,,,,,,,,,,,,,,,,,,,,,,,,,,,,,,,,,,,,,,,,,,,,,,,,,,,,,,,,,,,,,,,,,,,,,,,,,,,,,,,,,,0,0,0,0,0,0,0,0,0,0,0,0,0,0,0,0,0,0,40261950,0,0,0,,,,
2025-12-07 00:00:00,,,,,,,,,,,,,,,,,,,,,,,,,,,,,2549,2598.885732323232,2598.885732323232,0,0,0,0,0,0,0,0,0,0,0,0,0,0,0,0,0,0,2549,0,0,0,2549,3390.1515151515146,,,,,,,,,,,,,,,,,,,,,,,,,,,,,,,,,,,,,,,,,,,,,,,,,,,,,,,,,,,,,,,,,,,,,,,,,,,,,,,,,,,,,,,,,,,,,,,,,,,,,,,,,,,,,,,,,,,,,,,,,,,,,,,,,,,,,,,,,,,,,,,,,,,,,,,,,,,,,,,,,,,,,,0,0,0,0,0,0,0,0,0,0,0,0,0,0,0,0,0,0,41166350,0,0,0,,,,
2025-12-08 00:00:00,,,,,,,,,,,,,,,,,,,,,,,,,,,,,2520,2581.2139278239365,2581.2139278239365,0,0,0,0,0,0,0,0,0,0,0,0,0,0,0,0,0,0,2520,0,0,0,2520,3405.8476564977486,,,,,,,,,,,,,,,,,,,,,,,,,,,,,,,,,,,,,,,,,,,,,,,,,,,,,,,,,,,,,,,,,,,,,,,,,,,,,,,,,,,,,,,,,,,,,,,,,,,,,,,,,,,,,,,,,,,,,,,,,,,,,,,,,,,,,,,,,,,,,,,,,,,,,,,,,,,,,,,,,,,,,,0,0,0,0,0,0,0,0,0,0,0,0,0,0,0,0,0,0,40698000,0,0,0,,,,
2025-12-09 00:00:00,,,,,,,,,,,,,,,,,,,,,,,,,,,,,2493,2569.2010720439025,2569.2010720439025,0,0,0,0,0,0,0,0,0,0,0,0,0,0,0,0,0,0,2493,0,0,0,2493,3426.7117605768617,,,,,,,,,,,,,,,,,,,,,,,,,,,,,,,,,,,,,,,,,,,,,,,,,,,,,,,,,,,,,,,,,,,,,,,,,,,,,,,,,,,,,,,,,,,,,,,,,,,,,,,,,,,,,,,,,,,,,,,,,,,,,,,,,,,,,,,,,,,,,,,,,,,,,,,,,,,,,,,,,,,,,,0,0,0,0,0,0,0,0,0,0,0,0,0,0,0,0,0,0,40261950,0,0,0,,,,
2025-12-10 00:00:00,,,,,,,,,,,,,,,,,,,,,,,,,,,,,7542,7772.528874992023,7772.528874992023,0,0,0,0,0,0,0,0,0,0,0,0,0,0,0,0,0,0,7542,0,0,0,7542,3426.7117605768617,,,,,,,,,,,,,,,,,,,,,,,,,,,,,,,,,,,,,,,,,,,,,,,,,,,,,,,,,,,,,,,,,,,,,,,,,,,,,,,,,,,,,,,,,,,,,,,,,,,,,,,,,,,,,,,,,,,,,,,,,,,,,,,,,,,,,,,,,,,,,,,,,,,,,,,,,,,,,,,,,,,,,,0,0,0,0,0,0,0,0,0,0,0,0,0,0,0,0,0,0,121803300,0,0,0,,,,
2025-12-11 00:00:00,,,,,,,,,,,,,,,,,,,,,,,,,,,,,4783,4929.197243315678,4929.197243315678,0,0,0,0,0,0,0,0,0,0,0,0,0,0,0,0,0,0,4783,0,0,0,4783,3426.7117605768617,,,,,,,,,,,,,,,,,,,,,,,,,,,,,,,,,,,,,,,,,,,,,,,,,,,,,,,,,,,,,,,,,,,,,,,,,,,,,,,,,,,,,,,,,,,,,,,,,,,,,,,,,,,,,,,,,,,,,,,,,,,,,,,,,,,,,,,,,,,,,,,,,,,,,,,,,,,,,,,,,,,,,,0,0,0,0,0,0,0,0,0,0,0,0,0,0,0,0,0,0,77245450,0,0,0,,,,
2025-12-12 00:00:00,,,,,,,,,,,,,,,,,,,,,,,,,,,,,2493,2568.2177712572557,2568.2177712572557,0,0,0,0,0,0,0,0,0,0,0,0,0,0,0,0,0,0,2493,0,0,0,2493,3425.400267908401,,,,,,,,,,,,,,,,,,,,,,,,,,,,,,,,,,,,,,,,,,,,,,,,,,,,,,,,,,,,,,,,,,,,,,,,,,,,,,,,,,,,,,,,,,,,,,,,,,,,,,,,,,,,,,,,,,,,,,,,,,,,,,,,,,,,,,,,,,,,,,,,,,,,,,,,,,,,,,,,,,,,,,0,0,0,0,0,0,0,0,0,0,0,0,0,0,0,0,0,0,40261950,0,0,0,,,,
2025-12-13 00:00:00,,,,,,,,,,,,,,,,,,,,,,,,,,,,,2549,2610.256166381333,2610.256166381333,0,0,0,0,0,0,0,0,0,0,0,0,0,0,0,0,0,0,2549,0,0,0,2549,3404.9838310823666,,,,,,,,,,,,,,,,,,,,,,,,,,,,,,,,,,,,,,,,,,,,,,,,,,,,,,,,,,,,,,,,,,,,,,,,,,,,,,,,,,,,,,,,,,,,,,,,,,,,,,,,,,,,,,,,,,,,,,,,,,,,,,,,,,,,,,,,,,,,,,,,,,,,,,,,,,,,,,,,,,,,,,0,0,0,0,0,0,0,0,0,0,0,0,0,0,0,0,0,0,41166350,0,0,0,,,,
2025-12-14 00:00:00,,,,,,,,,,,,,,,,,,,,,,,,,,,,,2520,2578.7606133569893,2578.7606133569893,0,0,0,0,0,0,0,0,0,0,0,0,0,0,0,0,0,0,2520,0,0,0,2520,3402.610569002661,,,,,,,,,,,,,,,,,,,,,,,,,,,,,,,,,,,,,,,,,,,,,,,,,,,,,,,,,,,,,,,,,,,,,,,,,,,,,,,,,,,,,,,,,,,,,,,,,,,,,,,,,,,,,,,,,,,,,,,,,,,,,,,,,,,,,,,,,,,,,,,,,,,,,,,,,,,,,,,,,,,,,,0,0,0,0,0,0,0,0,0,0,0,0,0,0,0,0,0,0,40698000,0,0,0,,,,
2025-12-15 00:00:00,,,,,,,,,,,,,,,,,,,,,,,,,,,,,2492.9999999999995,2536.5053865053865,2536.505386505386,0,0,0,0,0,0,0,0,0,0,0,0,0,0,0,0,0,0,2492.9999999999995,0,0,0,2492.9999999999995,3383.1033831033833,,,,,,,,,,,,,,,,,,,,,,,,,,,,,,,,,,,,,,,,,,,,,,,,,,,,,,,,,,,,,,,,,,,,,,,,,,,,,,,,,,,,,,,,,,,,,,,,,,,,,,,,,,,,,,,,,,,,,,,,,,,,,,,,,,,,,,,,,,,,,,,,,,,,,,,,,,,,,,,,,,,,,,0,0,0,0,0,0,0,0,0,0,0,0,0,0,0,0,0,0,40261950,0,0,0,,,,
2025-12-16 00:00:00,,,,,,,,,,,,,,,,,,,,,,,,,,,,,4791,4870.005664652568,4870.005664652568,0,0,0,0,0,0,0,0,0,0,0,0,0,0,0,0,0,0,4791,0,0,0,4791,3379.9093655589118,,,,,,,,,,,,,,,,,,,,,,,,,,,,,,,,,,,,,,,,,,,,,,,,,,,,,,,,,,,,,,,,,,,,,,,,,,,,,,,,,,,,,,,,,,,,,,,,,,,,,,,,,,,,,,,,,,,,,,,,,,,,,,,,,,,,,,,,,,,,,,,,,,,,,,,,,,,,,,,,,,,,,,0,0,0,0,0,0,0,0,0,0,0,0,0,0,0,0,0,0,77374650,0,0,0,,,,
2025-12-17 00:00:00,,,,,,,,,,,,,,,,,,,,,,,,,,,,,3380.0000000000005,3435.7376636455188,3435.737663645519,0,0,0,0,0,0,0,0,0,0,0,0,0,0,0,0,0,0,3380.0000000000005,0,0,0,3380.0000000000005,3379.9093655589118,,,,,,,,,,,,,,,,,,,,,,,,,,,,,,,,,,,,,,,,,,,,,,,,,,,,,,,,,,,,,,,,,,,,,,,,,,,,,,,,,,,,,,,,,,,,,,,,,,,,,,,,,,,,,,,,,,,,,,,,,,,,,,,,,,,,,,,,,,,,,,,,,,,,,,,,,,,,,,,,,,,,,,0,0,0,0,0,0,0,0,0,0,0,0,0,0,0,0,0,0,54587000,0,0,0,,,,
2025-12-18 00:00:00,,,,,,,,,,,,,,,,,,,,,,,,,,,,,2549,2591.034113796576,2591.034113796576,0,0,0,0,0,0,0,0,0,0,0,0,0,0,0,0,0,0,2549,0,0,0,2549,3379.9093655589118,,,,,,,,,,,,,,,,,,,,,,,,,,,,,,,,,,,,,,,,,,,,,,,,,,,,,,,,,,,,,,,,,,,,,,,,,,,,,,,,,,,,,,,,,,,,,,,,,,,,,,,,,,,,,,,,,,,,,,,,,,,,,,,,,,,,,,,,,,,,,,,,,,,,,,,,,,,,,,,,,,,,,,0,0,0,0,0,0,0,0,0,0,0,0,0,0,0,0,0,0,41166350,0,0,0,,,,
2025-12-19 00:00:00,,,,,,,,,,,,,,,,,,,,,,,,,,,,,2466.0000000000005,2512.992175668854,2512.9921756688545,0,0,0,0,0,0,0,0,0,0,0,0,0,0,0,0,0,0,2466.0000000000005,0,0,0,2466.0000000000005,3388.4401817264006,,,,,,,,,,,,,,,,,,,,,,,,,,,,,,,,,,,,,,,,,,,,,,,,,,,,,,,,,,,,,,,,,,,,,,,,,,,,,,,,,,,,,,,,,,,,,,,,,,,,,,,,,,,,,,,,,,,,,,,,,,,,,,,,,,,,,,,,,,,,,,,,,,,,,,,,,,,,,,,,,,,,,,0,0,0,0,0,0,0,0,0,0,0,0,0,0,0,0,0,0,39825900,0,0,0,,,,
2025-12-20 00:00:00,,,,,,,,,,,,,,,,,,,,,,,,,,,,,2493,2545.646813353566,2545.646813353566,0,0,0,0,0,0,0,0,0,0,0,0,0,0,0,0,0,0,2493,0,0,0,2493,3395.295902883156,,,,,,,,,,,,,,,,,,,,,,,,,,,,,,,,,,,,,,,,,,,,,,,,,,,,,,,,,,,,,,,,,,,,,,,,,,,,,,,,,,,,,,,,,,,,,,,,,,,,,,,,,,,,,,,,,,,,,,,,,,,,,,,,,,,,,,,,,,,,,,,,,,,,,,,,,,,,,,,,,,,,,,0,0,0,0,0,0,0,0,0,0,0,0,0,0,0,0,0,0,40261950,0,0,0,,,,
2025-12-21 00:00:00,,,,,,,,,,,,,,,,,,,,,,,,,,,,,2520,2566.4018161180475,2566.401816118048,0,0,0,0,0,0,0,0,0,0,0,0,0,0,0,0,0,0,2520,0,0,0,2520,3386.303443057132,,,,,,,,,,,,,,,,,,,,,,,,,,,,,,,,,,,,,,,,,,,,,,,,,,,,,,,,,,,,,,,,,,,,,,,,,,,,,,,,,,,,,,,,,,,,,,,,,,,,,,,,,,,,,,,,,,,,,,,,,,,,,,,,,,,,,,,,,,,,,,,,,,,,,,,,,,,,,,,,,,,,,,0,0,0,0,0,0,0,0,0,0,0,0,0,0,0,0,0,0,40698000,0,0,0,,,,
2025-12-22 00:00:00,,,,,,,,,,,,,,,,,,,,,,,,,,,,,2548.9999999999995,2582.257558650107,2582.2575586501066,0,0,0,0,0,0,0,0,0,0,0,0,0,0,0,0,0,0,2548.9999999999995,0,0,0,2548.9999999999995,3368.460669928491,,,,,,,,,,,,,,,,,,,,,,,,,,,,,,,,,,,,,,,,,,,,,,,,,,,,,,,,,,,,,,,,,,,,,,,,,,,,,,,,,,,,,,,,,,,,,,,,,,,,,,,,,,,,,,,,,,,,,,,,,,,,,,,,,,,,,,,,,,,,,,,,,,,,,,,,,,,,,,,,,,,,,,0,0,0,0,0,0,0,0,0,0,0,0,0,0,0,0,0,0,41166350,0,0,0,,,,
2025-12-23 00:00:00,,,,,,,,,,,,,,,,,,,,,,,,,,,,,7865.999999999999,7984.155615611841,7984.15561561184,0,0,0,0,0,0,0,0,0,0,0,0,0,0,0,0,0,0,7865.999999999999,0,0,0,7865.999999999999,3375.0235686003393,,,,,,,,,,,,,,,,,,,,,,,,,,,,,,,,,,,,,,,,,,,,,,,,,,,,,,,,,,,,,,,,,,,,,,,,,,,,,,,,,,,,,,,,,,,,,,,,,,,,,,,,,,,,,,,,,,,,,,,,,,,,,,,,,,,,,,,,,,,,,,,,,,,,,,,,,,,,,,,,,,,,,,0,0,0,0,0,0,0,0,0,0,0,0,0,0,0,0,0,0,127035900,0,0,0,,,,
2025-12-24 00:00:00,,,,,,,,,,,,,,,,,,,,,,,,,,,,,5713,5798.81528502294,5798.81528502294,0,0,0,0,0,0,0,0,0,0,0,0,0,0,0,0,0,0,5713,0,0,0,5713,3375.0235686003393,,,,,,,,,,,,,,,,,,,,,,,,,,,,,,,,,,,,,,,,,,,,,,,,,,,,,,,,,,,,,,,,,,,,,,,,,,,,,,,,,,,,,,,,,,,,,,,,,,,,,,,,,,,,,,,,,,,,,,,,,,,,,,,,,,,,,,,,,,,,,,,,,,,,,,,,,,,,,,,,,,,,,,0,0,0,0,0,0,0,0,0,0,0,0,0,0,0,0,0,0,92264950,0,0,0,,,,
-,,,,,,,,,,,,,,,,,,,,,,,,,,,,,0,0,0,0,0,0,0,0,0,0,0,0,0,0,0,0,0,0,0,0,0,0,0,0,0,0,0,,,,,,,,,,,,,,,,,,,,,,,,,,,,,,,,,,,,,,,,,,,,,,,,,,,,,,,,,,,,,,,,,,,,,,,,,,,,,,,,,,,,,,,,,,,,,,,,,,,,,,,,,,,,,,,,,,,,,,,,,,,,,,,,,,,,,,,,,,,,,,,,,,,,,,,,,,,,,,,,,,,,,,0,0,0,0,0,0,0,0,0,0,0,0,0,0,0,0,0,0,0,0,0,0,,,,
,,,,,,,,,,,,,,,,,,,,,,,,,,,,,,122885.2281540726,Total,0,0,0,0,0,0,0,0,0,0,0,0,0,0,20271.9,0,0,0,99612.1,0,0,0,119884,,,,,,,,,,,,,,,,,,,,,,,,,,,,,,,,,,,,,,,,,,,,,,,,,,,,,,,,,,,,,,,,,,,,,,,,,,,,,,,,,,,,,,,,,,,,,,,,,,,,,,,,,,,,,,,,,,,,,,,,,,,,,,,,,,,,,,,,,,,,,,,,,,,,,,,,,,,,,,,,,,,,,,,,,,,,,,,,,,,,,,,,,,,,,,,,
,,,,,,,,,,,,,,,,,,,,,,,,,,,,,,,,0,0,0,0,0,0,0,0,0,0,0,0,0,0,0.16909595942744654,0,0,0,0.8309040405725535,0,0,0,1,,,,,,,,,,,,,,,,,,,,,,,,,,,,,,,,,,,,,,,,,,,,,,,,,,,,,,,,,,,,,,,,,,,,,,,,,,,,,,,,,,,,,,,,,,,,,,,,,,,,,,,,,,,,,,,,,,,,,,,,,,,,,,,,,,,,,,,,,,,,,,,,,,,,,,,,,,,,,,,,,,,,,,,"MOB/
DEMOB
RUN EXPLOSIVE","MOB/
DEMOB
ASSET","MOB/
DEMOB
'TIRTA RAJAWALI","MOB/
DEMOB
S: SLICKLINE UNIT","MOB/
DEMOB
N: SLICKLINE (1)","MOB/
DEMOB
LAIN-LAIN","MOB/
DEMOB
SOIL BORING","MOB/
DEMOB
N: SLICKLINE
(2)","MOB/
DEMOB
DEBRIS SURVEY","MOB/
DEMOB
STORK
(WLI)","MOB/
DEMOB
-","MOB/
DEMOB
-","MOB/
DEMOB
-","MOB/DEMOB
SOUTH
OSF","MOB/DEMOB
NORTH
OSF","MOB/DEMOB 
-","MOB/DEMOB 
P_NORTH
ATTAKA","MOB/DEMOB
P_NORTH
NIB","MOB/DEMOB
P_NORTH
SANTAN
TERMINAL","MOB/DEMOB
P_NORTH
SECURITY PATROL","MOB/DEMOB
P_SOUTH","MOB/DEMOB
P_SOUTH SECURITY PATROL",,,,
,,,,,,,,,,,,,,,,,,,,,,,,,,,,,,,,,,,,,,,,,,,,,,,,,,,,,,,,,,,,,,,,,,,,,,,,,,,,,,,,,,,,,,,,,,,,,,,,,,,,,,,,,,,,,,,,,,,,,,,,,,,,,,,,,,,,,,,,,,,,,,,,,,,,,,,,,,,,,,,,,,,,,,,,,,,,,,,,,,,,,,,,,,,,,,,,,,,,,,,,,,,,,,,,,,,,,,,,,,,,,0,0,0,0,0,0,0,0,0,0,0,0,0,0,0,0,0,0,0,0,0,0,,,,
,,,,,,,,,,,,,,,,,,,,,,,,,,,,,,,,,,,,,,,,,,,,,,,,,,,,,,,,,,,,,,,,,,,,,,,,,,,,,,,,,,,,,,,,,,,,,,,,,,,,,,,,,,,,,,,,,,,,,,,,,,,,,,,,,,,,,,,,,,,,,,,,,,,,,,,,,,,,,,,,,,,,,,,,,,,,,,,,,,,,,,,,,,,,,,,,,,,,,,,,,,,,,,,,,,,,,,,,,,,,,0,0,0,0,0,0,0,0,0,0,0,0,0,0,0,0,0,0,0,0,0,0,,,,
,,,,,,,,,,,,,,,,,,,,,,,,,,,,,,,,,,,,,,,,,,,,,,,,,,,,,,,,,,,,,,,,,,,,,,,,,,,,,,,,,,,,,,,,,,,,,,,,,,,,,,,,,,,,,,,,,,,,,,,,,,,,,,,,,,,,,,,,,,,,,,,,,,,,,,,,,,,,,,,,,,,,,,,,,,,,,,,,,,,,,,,,,,,,,,,,,,,,,,,,,,,,,,,,,,,,,,,,,,,,,0,0,0,0,0,0,0,0,0,0,0,0,0,0,0,0,0,0,0,0,0,0,,,,
,,,,,,,,,,,,,,,,,,,,,,,,,,,,,,,,,,,,,,,,,,,,,,,,,,,,,,,,,,,,,,,,,,,,,,,,,,,,,,,,,,,,,,,,,,,,,,,,,,,,,,,,,,,,,,,,,,,,,,,,,,,,,,,,,,,,,,,,,,,,,,,,,,,,,,,,,,,,,,,,,,,,,,,,,,,,,,,,,,,,,,,,,,,,,,,,,,,,,,,,,,,,,,,,,,,,,,,,,,,,,0,0,0,0,0,0,0,0,0,0,0,0,0,0,0,0,0,0,0,0,0,0,,,,
,,,,,,,,,,,,,,,,,,,,,,,,,,,,,,,,,,,,,,,,,,,,,,,,,,,,,,,,,,,,,,,,,,,,,,,,,,,,,,,,,,,,,,,,,,,,,,,,,,,,,,,,,,,,,,,,,,,,,,,,,,,,,,,,,,,,,,,,,,,,,,,,,,,,,,,,,,,,,,,,,,,,,,,,,,,,,,,,,,,,,,,,,,,,,,,,,,,,,,,,,,,,,,,,,,,,,,,,,,,,,0,0,0,0,0,0,0,0,0,0,0,0,0,0,0,0,0,0,0,0,0,0,,,,
,,,,,,,,,,,,,,,,,,,,,,,,,,,,,,,,,,,,,,,,,,,,,,,,,,,,,,,,,,,,,,,,,,,,,,,,,,,,,,,,,,,,,,,,,,,,,,,,,,,,,,,,,,,,,,,,,,,,,,,,,,,,,,,,,,,,,,,,,,,,,,,,,,,,,,,,,,,,,,,,,,,,,,,,,,,,,,,,,,,,,,,,,,,,,,,,,,,,,,,,,,,,,,,,,,,,,,,,,,,,,0,0,0,0,0,0,0,0,0,0,0,0,0,0,0,0,0,0,0,0,0,0,,,,
,,,,,,,,,,,,,,,,,,,,,,,,,,,,,,,,,,,,,,,,,,,,,,,,,,,,,,,,,,,,,,,,,,,,,,,,,,,,,,,,,,,,,,,,,,,,,,,,,,,,,,,,,,,,,,,,,,,,,,,,,,,,,,,,,,,,,,,,,,,,,,,,,,,,,,,,,,,,,,,,,,,,,,,,,,,,,,,,,,,,,,,,,,,,,,,,,,,,,,,,,,,,,,,,,,,,,,,,,,,,,0,0,0,0,0,0,0,0,0,0,0,0,0,0,0,0,0,0,0,0,0,0,,,,
,,,,,,,,,,,,,,,,,,,,,,,,,,,,,,,,,,,,,,,,,,,,,,,,,,,,,,,,,,,,,,,,,,,,,,,,,,,,,,,,,,,,,,,,,,,,,,,,,,,,,,,,,,,,,,,,,,,,,,,,,,,,,,,,,,,,,,,,,,,,,,,,,,,,,,,,,,,,,,,,,,,,,,,,,,,,,,,,,,,,,,,,,,,,,,,,,,,,,,,,,,,,,,,,,,,,,,,,,,,,,0,0,0,0,0,0,0,0,0,0,0,0,0,0,0,0,0,0,0,0,0,0,,,,
,,,,,,,,,,,,,,,,,,,,,,,,,,,,,,,,,,,,,,,,,,,,,,,,,,,,,,,,,,,,,,,,,,,,,,,,,,,,,,,,,,,,,,,,,,,,,,,,,,,,,,,,,,,,,,,,,,,,,,,,,,,,,,,,,,,,,,,,,,,,,,,,,,,,,,,,,,,,,,,,,,,,,,,,,,,,,,,,,,,,,,,,,,,,,,,,,,,,,,,,,,,,,,,,,,,,,,,,,,,,,0,0,0,0,0,0,0,0,0,0,0,0,0,0,0,0,0,0,0,0,0,0,,,,
,,,,,,,,,,,,,,,,,,,,,,,,,,,,,,,,,,,,,,,,,,,,,,,,,,,,,,,,,,,,,,,,,,,,,,,,,,,,,,,,,,,,,,,,,,,,,,,,,,,,,,,,,,,,,,,,,,,,,,,,,,,,,,,,,,,,,,,,,,,,,,,,,,,,,,,,,,,,,,,,,,,,,,,,,,,,,,,,,,,,,,,,,,,,,,,,,,,,,,,,,,,,,,,,,,,,,,,,,,,,,0,0,0,0,0,0,0,0,0,0,0,0,0,0,0,0,0,0,0,0,0,0,,,,
,,,,,,,,,,,,,,,,,,,,,,,,,,,,,,,,,,,,,,,,,,,,,,,,,,,,,,,,,,,,,,,,,,,,,,,,,,,,,,,,,,,,,,,,,,,,,,,,,,,,,,,,,,,,,,,,,,,,,,,,,,,,,,,,,,,,,,,,,,,,,,,,,,,,,,,,,,,,,,,,,,,,,,,,,,,,,,,,,,,,,,,,,,,,,,,,,,,,,,,,,,,,,,,,,,,,,,,,,,,,,0,0,0,0,0,0,0,0,0,0,0,0,0,0,0,0,0,0,0,0,0,0,,,,
,,,,,,,,,,,,,,,,,,,,,,,,,,,,,,,,,,,,,,,,,,,,,,,,,,,,,,,,,,,,,,,,,,,,,,,,,,,,,,,,,,,,,,,,,,,,,,,,,,,,,,,,,,,,,,,,,,,,,,,,,,,,,,,,,,,,,,,,,,,,,,,,,,,,,,,,,,,,,,,,,,,,,,,,,,,,,,,,,,,,,,,,,,,,,,,,,,,,,,,,,,,,,,,,,,,,,,,,,,,,,0,0,0,0,0,0,0,0,0,0,0,0,0,0,0,0,0,0,0,0,0,0,,,,
,,,,,,,,,,,,,,,,,,,,,,,,,,,,,,,,,,,,,,,,,,,,,,,,,,,,,,,,,,,,,,,,,,,,,,,,,,,,,,,,,,,,,,,,,,,,,,,,,,,,,,,,,,,,,,,,,,,,,,,,,,,,,,,,,,,,,,,,,,,,,,,,,,,,,,,,,,,,,,,,,,,,,,,,,,,,,,,,,,,,,,,,,,,,,,,,,,,,,,,,,,,,,,,,,,,,,,,,,,,,,0,0,0,0,0,0,0,0,0,0,0,0,0,0,0,0,0,0,0,0,0,0,,,,
,,,,,,,,,,,,,,,,,,,,,,,,,,,,,,,,,,,,,,,,,,,,,,,,,,,,,,,,,,,,,,,,,,,,,,,,,,,,,,,,,,,,,,,,,,,,,,,,,,,,,,,,,,,,,,,,,,,,,,,,,,,,,,,,,,,,,,,,,,,,,,,,,,,,,,,,,,,,,,,,,,,,,,,,,,,,,,,,,,,,,,,,,,,,,,,,,,,,,,,,,,,,,,,,,,,,,,,,,,,,,0,0,0,0,0,0,0,0,0,0,0,0,0,0,0,0,0,0,0,0,0,0,,,,
,,,,,,,,,,,,,,,,,,,,,,,,,,,,,,,,,,,,,,,,,,,,,,,,,,,,,,,,,,,,,,,,,,,,,,,,,,,,,,,,,,,,,,,,,,,,,,,,,,,,,,,,,,,,,,,,,,,,,,,,,,,,,,,,,,,,,,,,,,,,,,,,,,,,,,,,,,,,,,,,,,,,,,,,,,,,,,,,,,,,,,,,,,,,,,,,,,,,,,,,,,,,,,,,,,,,,,,,,,,,,0,0,0,0,0,0,0,0,0,0,0,0,0,0,0,0,0,0,0,0,0,0,,,,
,,,,,,,,,,,,,,,,,,,,,,,,,,,,,,,,,,,,,,,,,,,,,,,,,,,,,,,,,,,,,,,,,,,,,,,,,,,,,,,,,,,,,,,,,,,,,,,,,,,,,,,,,,,,,,,,,,,,,,,,,,,,,,,,,,,,,,,,,,,,,,,,,,,,,,,,,,,,,,,,,,,,,,,,,,,,,,,,,,,,,,,,,,,,,,,,,,,,,,,,,,,,,,,,,,,,,,,,,,,,,0,0,0,0,0,0,0,0,0,0,0,0,0,0,0,0,0,0,0,0,0,0,,,,
,,,,,,,,,,,,,,,,,,,,,,,,,,,,,,,,,,,,,,,,,,,,,,,,,,,,,,,,,,,,,,,,,,,,,,,,,,,,,,,,,,,,,,,,,,,,,,,,,,,,,,,,,,,,,,,,,,,,,,,,,,,,,,,,,,,,,,,,,,,,,,,,,,,,,,,,,,,,,,,,,,,,,,,,,,,,,,,,,,,,,,,,,,,,,,,,,,,,,,,,,,,,,,,,,,,,,,,,,,,,,0,0,0,0,0,0,0,0,0,0,0,0,0,0,0,0,0,0,0,0,0,0,,,,
,,,,,,,,,,,,,,,,,,,,,,,,,,,,,,,,,,,,,,,,,,,,,,,,,,,,,,,,,,,,,,,,,,,,,,,,,,,,,,,,,,,,,,,,,,,,,,,,,,,,,,,,,,,,,,,,,,,,,,,,,,,,,,,,,,,,,,,,,,,,,,,,,,,,,,,,,,,,,,,,,,,,,,,,,,,,,,,,,,,,,,,,,,,,,,,,,,,,,,,,,,,,,,,,,,,,,,,,,,,,,0,0,0,0,0,0,0,0,0,0,0,0,0,0,0,0,0,0,0,0,0,0,,,,
,,,,,,,,,,,,,,,,,,,,,,,,,,,,,,,,,,,,,,,,,,,,,,,,,,,,,,,,,,,,,,,,,,,,,,,,,,,,,,,,,,,,,,,,,,,,,,,,,,,,,,,,,,,,,,,,,,,,,,,,,,,,,,,,,,,,,,,,,,,,,,,,,,,,,,,,,,,,,,,,,,,,,,,,,,,,,,,,,,,,,,,,,,,,,,,,,,,,,,,,,,,,,,,,,,,,,,,,,,,,,0,0,0,0,0,0,0,0,0,0,0,0,0,0,0,0,0,0,0,0,0,0,,,,
,,,,,,,,,,,,,,,,,,,,,,,,,,,,,,,,,,,,,,,,,,,,,,,,,,,,,,,,,,,,,,,,,,,,,,,,,,,,,,,,,,,,,,,,,,,,,,,,,,,,,,,,,,,,,,,,,,,,,,,,,,,,,,,,,,,,,,,,,,,,,,,,,,,,,,,,,,,,,,,,,,,,,,,,,,,,,,,,,,,,,,,,,,,,,,,,,,,,,,,,,,,,,,,,,,,,,,,,,,,,,0,0,0,0,0,0,0,0,0,0,0,0,0,0,0,0,0,0,0,0,0,0,,,,
,,,,,,,,,,,,,,,,,,,,,,,,,,,,,,,,,,,,,,,,,,,,,,,,,,,,,,,,,,,,,,,,,,,,,,,,,,,,,,,,,,,,,,,,,,,,,,,,,,,,,,,,,,,,,,,,,,,,,,,,,,,,,,,,,,,,,,,,,,,,,,,,,,,,,,,,,,,,,,,,,,,,,,,,,,,,,,,,,,,,,,,,,,,,,,,,,,,,,,,,,,,,,,,,,,,,,,,,,,,,,0,0,0,0,0,0,0,0,0,0,0,0,0,0,0,0,0,0,0,0,0,0,,,,
,,,,,,,,,,,,,,,,,,,,,,,,,,,,,,,,,,,,,,,,,,,,,,,,,,,,,,,,,,,,,,,,,,,,,,,,,,,,,,,,,,,,,,,,,,,,,,,,,,,,,,,,,,,,,,,,,,,,,,,,,,,,,,,,,,,,,,,,,,,,,,,,,,,,,,,,,,,,,,,,,,,,,,,,,,,,,,,,,,,,,,,,,,,,,,,,,,,,,,,,,,,,,,,,,,,,,,,,,,,,,0,0,0,0,0,0,0,0,0,0,0,0,0,0,0,0,0,0,0,0,0,0,,,,
,,,,,,,,,,,,,,,,,,,,,,,,,,,,,,,,,,,,,,,,,,,,,,,,,,,,,,,,,,,,,,,,,,,,,,,,,,,,,,,,,,,,,,,,,,,,,,,,,,,,,,,,,,,,,,,,,,,,,,,,,,,,,,,,,,,,,,,,,,,,,,,,,,,,,,,,,,,,,,,,,,,,,,,,,,,,,,,,,,,,,,,,,,,,,,,,,,,,,,,,,,,,,,,,,,,,,,,,,,,,,0,0,0,0,0,0,0,0,0,0,0,0,0,0,0,0,0,0,0,0,0,0,,,,
,,,,,,,,,,,,,,,,,,,,,,,,,,,,,,,,,,,,,,,,,,,,,,,,,,,,,,,,,,,,,,,,,,,,,,,,,,,,,,,,,,,,,,,,,,,,,,,,,,,,,,,,,,,,,,,,,,,,,,,,,,,,,,,,,,,,,,,,,,,,,,,,,,,,,,,,,,,,,,,,,,,,,,,,,,,,,,,,,,,,,,,,,,,,,,,,,,,,,,,,,,,,,,,,,,,,,,,,,,,,,0,0,0,0,0,0,0,0,0,0,0,0,0,0,0,0,0,0,0,0,0,0,,,,
,,,,,,,,,,,,,,,,,,,,,,,,,,,,,,,,,,,,,,,,,,,,,,,,,,,,,,,,,,,,,,,,,,,,,,,,,,,,,,,,,,,,,,,,,,,,,,,,,,,,,,,,,,,,,,,,,,,,,,,,,,,,,,,,,,,,,,,,,,,,,,,,,,,,,,,,,,,,,,,,,,,,,,,,,,,,,,,,,,,,,,,,,,,,,,,,,,,,,,,,,,,,,,,,,,,,,,,,,,,,,0,0,0,0,0,0,0,0,0,0,0,0,0,0,0,0,0,0,0,0,0,0,,,,
,,,,,,,,,,,,,,,,,,,,,,,,,,,,,,,,,,,,,,,,,,,,,,,,,,,,,,,,,,,,,,,,,,,,,,,,,,,,,,,,,,,,,,,,,,,,,,,,,,,,,,,,,,,,,,,,,,,,,,,,,,,,,,,,,,,,,,,,,,,,,,,,,,,,,,,,,,,,,,,,,,,,,,,,,,,,,,,,,,,,,,,,,,,,,,,,,,,,,,,,,,,,,,,,,,,,,,,,,,,,,0,0,0,0,0,0,0,0,0,0,0,0,0,0,0,0,0,0,0,0,0,0,,,,
,,,,,,,,,,,,,,,,,,,,,,,,,,,,,,,,,,,,,,,,,,,,,,,,,,,,,,,,,,,,,,,,,,,,,,,,,,,,,,,,,,,,,,,,,,,,,,,,,,,,,,,,,,,,,,,,,,,,,,,,,,,,,,,,,,,,,,,,,,,,,,,,,,,,,,,,,,,,,,,,,,,,,,,,,,,,,,,,,,,,,,,,,,,,,,,,,,,,,,,,,,,,,,,,,,,,,,,,,,,,,0,0,0,0,0,0,0,0,0,0,0,0,0,0,0,0,0,0,0,0,0,0,,,,
,,,,,,,,,,,,,,,,,,,,,,,,,,,,,,,,,,,,,,,,,,,,,,,,,,,,,,,,,,,,,,,,,,,,,,,,,,,,,,,,,,,,,,,,,,,,,,,,,,,,,,,,,,,,,,,,,,,,,,,,,,,,,,,,,,,,,,,,,,,,,,,,,,,,,,,,,,,,,,,,,,,,,,,,,,,,,,,,,,,,,,,,,,,,,,,,,,,,,,,,,,,,,,,,,,,,,,,,,,,,,0,0,0,0,0,0,0,0,0,0,0,0,0,0,0,0,0,0,0,0,0,0,,,,
,,,,,,,,,,,,,,,,,,,,,,,,,,,,,,,,,,,,,,,,,,,,,,,,,,,,,,,,,,,,,,,,,,,,,,,,,,,,,,,,,,,,,,,,,,,,,,,,,,,,,,,,,,,,,,,,,,,,,,,,,,,,,,,,,,,,,,,,,,,,,,,,,,,,,,,,,,,,,,,,,,,,,,,,,,,,,,,,,,,,,,,,,,,,,,,,,,,,,,,,,,,,,,,,,,,,,,,,,,,,,0,0,0,0,0,0,0,0,0,0,0,0,0,0,0,0,0,0,0,0,0,0,,,,
,,,,,,,,,,,,,,,,,,,,,,,,,,,,,,,,,,,,,,,,,,,,,,,,,,,,,,,,,,,,,,,,,,,,,,,,,,,,,,,,,,,,,,,,,,,,,,,,,,,,,,,,,,,,,,,,,,,,,,,,,,,,,,,,,,,,,,,,,,,,,,,,,,,,,,,,,,,,,,,,,,,,,,,,,,,,,,,,,,,,,,,,,,,,,,,,,,,,,,,,,,,,,,,,,,,,,,,,,,,,,0,0,0,0,0,0,0,0,0,0,0,0,0,0,0,0,0,0,0,0,0,0,,,,
,,,,,,,,,,,,,,,,,,,,,,,,,,,,,,,,,,,,,,,,,,,,,,,,,,,,,,,,,,,,,,,,,,,,,,,,,,,,,,,,,,,,,,,,,,,,,,,,,,,,,,,,,,,,,,,,,,,,,,,,,,,,,,,,,,,,,,,,,,,,,,,,,,,,,,,,,,,,,,,,,,,,,,,,,,,,,,,,,,,,,,,,,,,,,,,,,,,,,,,,,,,,,,,,,,,,,,,,,,,,,0,0,0,0,0,0,0,0,0,0,0,0,0,0,0,0,0,0,0,0,0,0,,,,
,,,,,,,,,,,,,,,,,,,,,,,,,,,,,,,,,,,,,,,,,,,,,,,,,,,,,,,,,,,,,,,,,,,,,,,,,,,,,,,,,,,,,,,,,,,,,,,,,,,,,,,,,,,,,,,,,,,,,,,,,,,,,,,,,,,,,,,,,,,,,,,,,,,,,,,,,,,,,,,,,,,,,,,,,,,,,,,,,,,,,,,,,,,,,,,,,,,,,,,,,,,,,,,,,,,,,,,,,,,,,"TOTAL
DAILY COST
RUN EXPLOSIVE","TOTAL
DAILY COST
ASSET","TOTAL
DAILY COST
'TIRTA RAJAWALI","TOTAL
DAILY COST
S: SLICKLINE UNIT","TOTAL
DAILY COST
N:
SLICKLINE (1)","TOTAL
DAILY COST
LAIN-LAIN","TOTAL
DAILY COST
SOIL BORING","TOTAL
DAILY COST
N: SLICKLINE
(2)","TOTAL
DAILY COST
DEBRIS SURVEY","TOTAL
DAILY COST
STORK
(WLI)","TOTAL
DAILY COST
-","TOTAL
DAILY COST
-","TOTAL
DAILY COST
-","TOTAL
DAILY COST
SOUTH
OSF","TOTAL
DAILY COST
NORTH
OSF","TOTAL
DAILY COST 
-","TOTAL
DAILY COST 
P_NORTH
ATTAKA","TOTAL
DAILY COST
P_NORTH
NIB","TOTAL
DAILY COST
P_NORTH
SANTAN
TERMINAL","TOTAL
DAILY COST
P_NORTH
SECURITY PATROL","TOTAL
DAILY COST
P_SOUTH","TOTAL
DAILY COST
P_SOUTH SECURITY PATROL",,,,
,,,,,,,,,,,,,,,,,,,,,,,,,,,,,,,,,,,,,,,,,,,,,,,,,,,,,,,,,,,,,,,,,,,,,,,,,,,,,,,,,,,,,,,,,,,,,,,,,,,,,,,,,,,,,,,,,,,,,,,,,,,,,,,,,,,,,,,,,,,,,,,,,,,,,,,,,,,,,,,,,,,,,,,,,,,,,,,,,,,,,,,,,,,,,,,,,,,,,,,,,,,,,,,,,,,,,,,,,,,,,0,0,0,0,0,0,0,0,0,0,0,0,0,0,188681700,0,0,0,0,0,0,0,,,,
,,,,,,,,,,,,,,,,,,,,,,,,,,,,,,,,,,,,,,,,,,,,,,,,,,,,,,,,,,,,,,,,,,,,,,,,,,,,,,,,,,,,,,,,,,,,,,,,,,,,,,,,,,,,,,,,,,,,,,,,,,,,,,,,,,,,,,,,,,,,,,,,,,,,,,,,,,,,,,,,,,,,,,,,,,,,,,,,,,,,,,,,,,,,,,,,,,,,,,,,,,,,,,,,,,,,,,,,,,,,,0,0,0,0,0,0,0,0,0,0,0,0,0,0,183061500,0,0,0,0,0,0,0,,,,
,,,,,,,,,,,,,,,,,,,,,,,,,,,,,,,,,,,,,,,,,,,,,,,,,,,,,,,,,,,,,,,,,,,,,,,,,,,,,,,,,,,,,,,,,,,,,,,,,,,,,,,,,,,,,,,,,,,,,,,,,,,,,,,,,,,,,,,,,,,,,,,,,,,,,,,,,,,,,,,,,,,,,,,,,,,,,,,,,,,,,,,,,,,,,,,,,,,,,,,,,,,,,,,,,,,,,,,,,,,,,0,0,0,0,0,0,0,0,0,0,0,0,0,0,95044235,0,0,0,64470565,0,0,0,,,,
,,,,,,,,,,,,,,,,,,,,,,,,,,,,,,,,,,,,,,,,,,,,,,,,,,,,,,,,,,,,,,,,,,,,,,,,,,,,,,,,,,,,,,,,,,,,,,,,,,,,,,,,,,,,,,,,,,,,,,,,,,,,,,,,,,,,,,,,,,,,,,,,,,,,,,,,,,,,,,,,,,,,,,,,,,,,,,,,,,,,,,,,,,,,,,,,,,,,,,,,,,,,,,,,,,,,,,,,,,,,,0,0,0,0,0,0,0,0,0,0,0,0,0,0,0,0,0,0,94866350,0,0,0,,,,
,,,,,,,,,,,,,,,,,,,,,,,,,,,,,,,,,,,,,,,,,,,,,,,,,,,,,,,,,,,,,,,,,,,,,,,,,,,,,,,,,,,,,,,,,,,,,,,,,,,,,,,,,,,,,,,,,,,,,,,,,,,,,,,,,,,,,,,,,,,,,,,,,,,,,,,,,,,,,,,,,,,,,,,,,,,,,,,,,,,,,,,,,,,,,,,,,,,,,,,,,,,,,,,,,,,,,,,,,,,,,0,0,0,0,0,0,0,0,0,0,0,0,0,0,0,0,0,0,94398000,0,0,0,,,,
,,,,,,,,,,,,,,,,,,,,,,,,,,,,,,,,,,,,,,,,,,,,,,,,,,,,,,,,,,,,,,,,,,,,,,,,,,,,,,,,,,,,,,,,,,,,,,,,,,,,,,,,,,,,,,,,,,,,,,,,,,,,,,,,,,,,,,,,,,,,,,,,,,,,,,,,,,,,,,,,,,,,,,,,,,,,,,,,,,,,,,,,,,,,,,,,,,,,,,,,,,,,,,,,,,,,,,,,,,,,,0,0,0,0,0,0,0,0,0,0,0,0,0,0,0,0,0,0,170884400,0,0,0,,,,
,,,,,,,,,,,,,,,,,,,,,,,,,,,,,,,,,,,,,,,,,,,,,,,,,,,,,,,,,,,,,,,,,,,,,,,,,,,,,,,,,,,,,,,,,,,,,,,,,,,,,,,,,,,,,,,,,,,,,,,,,,,,,,,,,,,,,,,,,,,,,,,,,,,,,,,,,,,,,,,,,,,,,,,,,,,,,,,,,,,,,,,,,,,,,,,,,,,,,,,,,,,,,,,,,,,,,,,,,,,,,0,0,0,0,0,0,0,0,0,0,0,0,0,0,0,0,0,0,180897400,0,0,0,,,,
,,,,,,,,,,,,,,,,,,,,,,,,,,,,,,,,,,,,,,,,,,,,,,,,,,,,,,,,,,,,,,,,,,,,,,,,,,,,,,,,,,,,,,,,,,,,,,,,,,,,,,,,,,,,,,,,,,,,,,,,,,,,,,,,,,,,,,,,,,,,,,,,,,,,,,,,,,,,,,,,,,,,,,,,,,,,,,,,,,,,,,,,,,,,,,,,,,,,,,,,,,,,,,,,,,,,,,,,,,,,,0,0,0,0,0,0,0,0,0,0,0,0,0,0,0,0,0,0,93525900,0,0,0,,,,
,,,,,,,,,,,,,,,,,,,,,,,,,,,,,,,,,,,,,,,,,,,,,,,,,,,,,,,,,,,,,,,,,,,,,,,,,,,,,,,,,,,,,,,,,,,,,,,,,,,,,,,,,,,,,,,,,,,,,,,,,,,,,,,,,,,,,,,,,,,,,,,,,,,,,,,,,,,,,,,,,,,,,,,,,,,,,,,,,,,,,,,,,,,,,,,,,,,,,,,,,,,,,,,,,,,,,,,,,,,,,0,0,0,0,0,0,0,0,0,0,0,0,0,0,0,0,0,0,94866350,0,0,0,,,,
,,,,,,,,,,,,,,,,,,,,,,,,,,,,,,,,,,,,,,,,,,,,,,,,,,,,,,,,,,,,,,,,,,,,,,,,,,,,,,,,,,,,,,,,,,,,,,,,,,,,,,,,,,,,,,,,,,,,,,,,,,,,,,,,,,,,,,,,,,,,,,,,,,,,,,,,,,,,,,,,,,,,,,,,,,,,,,,,,,,,,,,,,,,,,,,,,,,,,,,,,,,,,,,,,,,,,,,,,,,,,0,0,0,0,0,0,0,0,0,0,0,0,0,0,0,0,0,0,94398000,0,0,0,,,,
,,,,,,,,,,,,,,,,,,,,,,,,,,,,,,,,,,,,,,,,,,,,,,,,,,,,,,,,,,,,,,,,,,,,,,,,,,,,,,,,,,,,,,,,,,,,,,,,,,,,,,,,,,,,,,,,,,,,,,,,,,,,,,,,,,,,,,,,,,,,,,,,,,,,,,,,,,,,,,,,,,,,,,,,,,,,,,,,,,,,,,,,,,,,,,,,,,,,,,,,,,,,,,,,,,,,,,,,,,,,,0,0,0,0,0,0,0,0,0,0,0,0,0,0,0,0,0,0,93525900,0,0,0,,,,
,,,,,,,,,,,,,,,,,,,,,,,,,,,,,,,,,,,,,,,,,,,,,,,,,,,,,,,,,,,,,,,,,,,,,,,,,,,,,,,,,,,,,,,,,,,,,,,,,,,,,,,,,,,,,,,,,,,,,,,,,,,,,,,,,,,,,,,,,,,,,,,,,,,,,,,,,,,,,,,,,,,,,,,,,,,,,,,,,,,,,,,,,,,,,,,,,,,,,,,,,,,,,,,,,,,,,,,,,,,,,0,0,0,0,0,0,0,0,0,0,0,0,0,0,0,0,0,0,93961950,0,0,0,,,,
,,,,,,,,,,,,,,,,,,,,,,,,,,,,,,,,,,,,,,,,,,,,,,,,,,,,,,,,,,,,,,,,,,,,,,,,,,,,,,,,,,,,,,,,,,,,,,,,,,,,,,,,,,,,,,,,,,,,,,,,,,,,,,,,,,,,,,,,,,,,,,,,,,,,,,,,,,,,,,,,,,,,,,,,,,,,,,,,,,,,,,,,,,,,,,,,,,,,,,,,,,,,,,,,,,,,,,,,,,,,,0,0,0,0,0,0,0,0,0,0,0,0,0,0,0,0,0,0,94866350,0,0,0,,,,
,,,,,,,,,,,,,,,,,,,,,,,,,,,,,,,,,,,,,,,,,,,,,,,,,,,,,,,,,,,,,,,,,,,,,,,,,,,,,,,,,,,,,,,,,,,,,,,,,,,,,,,,,,,,,,,,,,,,,,,,,,,,,,,,,,,,,,,,,,,,,,,,,,,,,,,,,,,,,,,,,,,,,,,,,,,,,,,,,,,,,,,,,,,,,,,,,,,,,,,,,,,,,,,,,,,,,,,,,,,,,0,0,0,0,0,0,0,0,0,0,0,0,0,0,0,0,0,0,94398000,0,0,0,,,,
,,,,,,,,,,,,,,,,,,,,,,,,,,,,,,,,,,,,,,,,,,,,,,,,,,,,,,,,,,,,,,,,,,,,,,,,,,,,,,,,,,,,,,,,,,,,,,,,,,,,,,,,,,,,,,,,,,,,,,,,,,,,,,,,,,,,,,,,,,,,,,,,,,,,,,,,,,,,,,,,,,,,,,,,,,,,,,,,,,,,,,,,,,,,,,,,,,,,,,,,,,,,,,,,,,,,,,,,,,,,,0,0,0,0,0,0,0,0,0,0,0,0,0,0,0,0,0,0,93961950,0,0,0,,,,
,,,,,,,,,,,,,,,,,,,,,,,,,,,,,,,,,,,,,,,,,,,,,,,,,,,,,,,,,,,,,,,,,,,,,,,,,,,,,,,,,,,,,,,,,,,,,,,,,,,,,,,,,,,,,,,,,,,,,,,,,,,,,,,,,,,,,,,,,,,,,,,,,,,,,,,,,,,,,,,,,,,,,,,,,,,,,,,,,,,,,,,,,,,,,,,,,,,,,,,,,,,,,,,,,,,,,,,,,,,,,0,0,0,0,0,0,0,0,0,0,0,0,0,0,0,0,0,0,175503300,0,0,0,,,,
,,,,,,,,,,,,,,,,,,,,,,,,,,,,,,,,,,,,,,,,,,,,,,,,,,,,,,,,,,,,,,,,,,,,,,,,,,,,,,,,,,,,,,,,,,,,,,,,,,,,,,,,,,,,,,,,,,,,,,,,,,,,,,,,,,,,,,,,,,,,,,,,,,,,,,,,,,,,,,,,,,,,,,,,,,,,,,,,,,,,,,,,,,,,,,,,,,,,,,,,,,,,,,,,,,,,,,,,,,,,,0,0,0,0,0,0,0,0,0,0,0,0,0,0,0,0,0,0,130945450,0,0,0,,,,
,,,,,,,,,,,,,,,,,,,,,,,,,,,,,,,,,,,,,,,,,,,,,,,,,,,,,,,,,,,,,,,,,,,,,,,,,,,,,,,,,,,,,,,,,,,,,,,,,,,,,,,,,,,,,,,,,,,,,,,,,,,,,,,,,,,,,,,,,,,,,,,,,,,,,,,,,,,,,,,,,,,,,,,,,,,,,,,,,,,,,,,,,,,,,,,,,,,,,,,,,,,,,,,,,,,,,,,,,,,,,0,0,0,0,0,0,0,0,0,0,0,0,0,0,0,0,0,0,93961950,0,0,0,,,,
,,,,,,,,,,,,,,,,,,,,,,,,,,,,,,,,,,,,,,,,,,,,,,,,,,,,,,,,,,,,,,,,,,,,,,,,,,,,,,,,,,,,,,,,,,,,,,,,,,,,,,,,,,,,,,,,,,,,,,,,,,,,,,,,,,,,,,,,,,,,,,,,,,,,,,,,,,,,,,,,,,,,,,,,,,,,,,,,,,,,,,,,,,,,,,,,,,,,,,,,,,,,,,,,,,,,,,,,,,,,,0,0,0,0,0,0,0,0,0,0,0,0,0,0,0,0,0,0,94866350,0,0,0,,,,
,,,,,,,,,,,,,,,,,,,,,,,,,,,,,,,,,,,,,,,,,,,,,,,,,,,,,,,,,,,,,,,,,,,,,,,,,,,,,,,,,,,,,,,,,,,,,,,,,,,,,,,,,,,,,,,,,,,,,,,,,,,,,,,,,,,,,,,,,,,,,,,,,,,,,,,,,,,,,,,,,,,,,,,,,,,,,,,,,,,,,,,,,,,,,,,,,,,,,,,,,,,,,,,,,,,,,,,,,,,,,0,0,0,0,0,0,0,0,0,0,0,0,0,0,0,0,0,0,94398000,0,0,0,,,,
,,,,,,,,,,,,,,,,,,,,,,,,,,,,,,,,,,,,,,,,,,,,,,,,,,,,,,,,,,,,,,,,,,,,,,,,,,,,,,,,,,,,,,,,,,,,,,,,,,,,,,,,,,,,,,,,,,,,,,,,,,,,,,,,,,,,,,,,,,,,,,,,,,,,,,,,,,,,,,,,,,,,,,,,,,,,,,,,,,,,,,,,,,,,,,,,,,,,,,,,,,,,,,,,,,,,,,,,,,,,,0,0,0,0,0,0,0,0,0,0,0,0,0,0,0,0,0,0,93961950,0,0,0,,,,
,,,,,,,,,,,,,,,,,,,,,,,,,,,,,,,,,,,,,,,,,,,,,,,,,,,,,,,,,,,,,,,,,,,,,,,,,,,,,,,,,,,,,,,,,,,,,,,,,,,,,,,,,,,,,,,,,,,,,,,,,,,,,,,,,,,,,,,,,,,,,,,,,,,,,,,,,,,,,,,,,,,,,,,,,,,,,,,,,,,,,,,,,,,,,,,,,,,,,,,,,,,,,,,,,,,,,,,,,,,,,0,0,0,0,0,0,0,0,0,0,0,0,0,0,0,0,0,0,131074650,0,0,0,,,,
,,,,,,,,,,,,,,,,,,,,,,,,,,,,,,,,,,,,,,,,,,,,,,,,,,,,,,,,,,,,,,,,,,,,,,,,,,,,,,,,,,,,,,,,,,,,,,,,,,,,,,,,,,,,,,,,,,,,,,,,,,,,,,,,,,,,,,,,,,,,,,,,,,,,,,,,,,,,,,,,,,,,,,,,,,,,,,,,,,,,,,,,,,,,,,,,,,,,,,,,,,,,,,,,,,,,,,,,,,,,,0,0,0,0,0,0,0,0,0,0,0,0,0,0,0,0,0,0,108287000,0,0,0,,,,
,,,,,,,,,,,,,,,,,,,,,,,,,,,,,,,,,,,,,,,,,,,,,,,,,,,,,,,,,,,,,,,,,,,,,,,,,,,,,,,,,,,,,,,,,,,,,,,,,,,,,,,,,,,,,,,,,,,,,,,,,,,,,,,,,,,,,,,,,,,,,,,,,,,,,,,,,,,,,,,,,,,,,,,,,,,,,,,,,,,,,,,,,,,,,,,,,,,,,,,,,,,,,,,,,,,,,,,,,,,,,0,0,0,0,0,0,0,0,0,0,0,0,0,0,0,0,0,0,94866350,0,0,0,,,,
,,,,,,,,,,,,,,,,,,,,,,,,,,,,,,,,,,,,,,,,,,,,,,,,,,,,,,,,,,,,,,,,,,,,,,,,,,,,,,,,,,,,,,,,,,,,,,,,,,,,,,,,,,,,,,,,,,,,,,,,,,,,,,,,,,,,,,,,,,,,,,,,,,,,,,,,,,,,,,,,,,,,,,,,,,,,,,,,,,,,,,,,,,,,,,,,,,,,,,,,,,,,,,,,,,,,,,,,,,,,,0,0,0,0,0,0,0,0,0,0,0,0,0,0,0,0,0,0,93525900,0,0,0,,,,
,,,,,,,,,,,,,,,,,,,,,,,,,,,,,,,,,,,,,,,,,,,,,,,,,,,,,,,,,,,,,,,,,,,,,,,,,,,,,,,,,,,,,,,,,,,,,,,,,,,,,,,,,,,,,,,,,,,,,,,,,,,,,,,,,,,,,,,,,,,,,,,,,,,,,,,,,,,,,,,,,,,,,,,,,,,,,,,,,,,,,,,,,,,,,,,,,,,,,,,,,,,,,,,,,,,,,,,,,,,,,0,0,0,0,0,0,0,0,0,0,0,0,0,0,0,0,0,0,93961950,0,0,0,,,,
,,,,,,,,,,,,,,,,,,,,,,,,,,,,,,,,,,,,,,,,,,,,,,,,,,,,,,,,,,,,,,,,,,,,,,,,,,,,,,,,,,,,,,,,,,,,,,,,,,,,,,,,,,,,,,,,,,,,,,,,,,,,,,,,,,,,,,,,,,,,,,,,,,,,,,,,,,,,,,,,,,,,,,,,,,,,,,,,,,,,,,,,,,,,,,,,,,,,,,,,,,,,,,,,,,,,,,,,,,,,,0,0,0,0,0,0,0,0,0,0,0,0,0,0,0,0,0,0,94398000,0,0,0,,,,
,,,,,,,,,,,,,,,,,,,,,,,,,,,,,,,,,,,,,,,,,,,,,,,,,,,,,,,,,,,,,,,,,,,,,,,,,,,,,,,,,,,,,,,,,,,,,,,,,,,,,,,,,,,,,,,,,,,,,,,,,,,,,,,,,,,,,,,,,,,,,,,,,,,,,,,,,,,,,,,,,,,,,,,,,,,,,,,,,,,,,,,,,,,,,,,,,,,,,,,,,,,,,,,,,,,,,,,,,,,,,0,0,0,0,0,0,0,0,0,0,0,0,0,0,0,0,0,0,94866350,0,0,0,,,,
,,,,,,,,,,,,,,,,,,,,,,,,,,,,,,,,,,,,,,,,,,,,,,,,,,,,,,,,,,,,,,,,,,,,,,,,,,,,,,,,,,,,,,,,,,,,,,,,,,,,,,,,,,,,,,,,,,,,,,,,,,,,,,,,,,,,,,,,,,,,,,,,,,,,,,,,,,,,,,,,,,,,,,,,,,,,,,,,,,,,,,,,,,,,,,,,,,,,,,,,,,,,,,,,,,,,,,,,,,,,,0,0,0,0,0,0,0,0,0,0,0,0,0,0,0,0,0,0,180735900,0,0,0,,,,
,,,,,,,,,,,,,,,,,,,,,,,,,,,,,,,,,,,,,,,,,,,,,,,,,,,,,,,,,,,,,,,,,,,,,,,,,,,,,,,,,,,,,,,,,,,,,,,,,,,,,,,,,,,,,,,,,,,,,,,,,,,,,,,,,,,,,,,,,,,,,,,,,,,,,,,,,,,,,,,,,,,,,,,,,,,,,,,,,,,,,,,,,,,,,,,,,,,,,,,,,,,,,,,,,,,,,,,,,,,,,0,0,0,0,0,0,0,0,0,0,0,0,0,0,0,0,0,0,145964950,0,0,0,,,,
,,,,,,,,,,,,,,,,,,,,,,,,,,,,,,,,,,,,,,,,,,,,,,,,,,,,,,,,,,,,,,,,,,,,,,,,,,,,,,,,,,,,,,,,,,,,,,,,,,,,,,,,,,,,,,,,,,,,,,,,,,,,,,,,,,,,,,,,,,,,,,,,,,,,,,,,,,,,,,,,,,,,,,,,,,,,,,,,,,,,,,,,,,,,,,,,,,,,,,,,,,,,,,,,,,,,,,,,,,,,,0,0,0,0,0,0,0,0,0,0,0,0,0,0,0,0,0,0,0,0,0,0,,,,
